image_stem,gt_path,pred_path,valid_pixels,correct_pixels,pixel_accuracy,mIoU
1590192561409431808,/data1/user/data/2026.05.10_机狗二次数据采集结果_标定/image/res_dinov3_whole/1590192561409431808_mask_id.png,/data1/user/data/2026.05.10_机狗二次数据采集结果_标定/image/res_robotdog_distill_midterm/1590192561409431808_mask_id.png,327680,317013,0.9674468994140625,0.5960602908621551
1590192566709445888,/data1/user/data/2026.05.10_机狗二次数据采集结果_标定/image/res_dinov3_whole/1590192566709445888_mask_id.png,/data1/user/data/2026.05.10_机狗二次数据采集结果_标定/image/res_robotdog_distill_midterm/1590192566709445888_mask_id.png,327680,317569,0.9691436767578125,0.7289997919338348
1590192568509796864,/data1/user/data/2026.05.10_机狗二次数据采集结果_标定/image/res_dinov3_whole/1590192568509796864_mask_id.png,/data1/user/data/2026.05.10_机狗二次数据采集结果_标定/image/res_robotdog_distill_midterm/1590192568509796864_mask_id.png,327680,316397,0.9655670166015625,0.6810777446574461
1590192569909982976,/data1/user/data/2026.05.10_机狗二次数据采集结果_标定/image/res_dinov3_whole/1590192569909982976_mask_id.png,/data1/user/data/2026.05.10_机狗二次数据采集结果_标定/image/res_robotdog_distill_midterm/1590192569909982976_mask_id.png,327680,314887,0.9609588623046875,0.7355100794154324
1590192570809312000,/data1/user/data/2026.05.10_机狗二次数据采集结果_标定/image/res_dinov3_whole/1590192570809312000_mask_id.png,/data1/user/data/2026.05.10_机狗二次数据采集结果_标定/image/res_robotdog_distill_midterm/1590192570809312000_mask_id.png,327680,315194,0.961895751953125,0.6294890033109156
1590192571009797888,/data1/user/data/2026.05.10_机狗二次数据采集结果_标定/image/res_dinov3_whole/1590192571009797888_mask_id.png,/data1/user/data/2026.05.10_机狗二次数据采集结果_标定/image/res_robotdog_distill_midterm/1590192571009797888_mask_id.png,327680,317154,0.967877197265625,0.6855075618822404
1590192571609639936,/data1/user/data/2026.05.10_机狗二次数据采集结果_标定/image/res_dinov3_whole/1590192571609639936_mask_id.png,/data1/user/data/2026.05.10_机狗二次数据采集结果_标定/image/res_robotdog_distill_midterm/1590192571609639936_mask_id.png,327680,310934,0.948895263671875,0.5664675319385005
1590192572609600768,/data1/user/data/2026.05.10_机狗二次数据采集结果_标定/image/res_dinov3_whole/1590192572609600768_mask_id.png,/data1/user/data/2026.05.10_机狗二次数据采集结果_标定/image/res_robotdog_distill_midterm/1590192572609600768_mask_id.png,327680,315362,0.962408447265625,0.7089046841499148
1590192572709456896,/data1/user/data/2026.05.10_机狗二次数据采集结果_标定/image/res_dinov3_whole/1590192572709456896_mask_id.png,/data1/user/data/2026.05.10_机狗二次数据采集结果_标定/image/res_robotdog_distill_midterm/1590192572709456896_mask_id.png,327680,315573,0.9630523681640625,0.7843824441165482
1590192574809636864,/data1/user/data/2026.05.10_机狗二次数据采集结果_标定/image/res_dinov3_whole/1590192574809636864_mask_id.png,/data1/user/data/2026.05.10_机狗二次数据采集结果_标定/image/res_robotdog_distill_midterm/1590192574809636864_mask_id.png,327680,314105,0.9585723876953125,0.6431823928347701
1590192576509302784,/data1/user/data/2026.05.10_机狗二次数据采集结果_标定/image/res_dinov3_whole/1590192576509302784_mask_id.png,/data1/user/data/2026.05.10_机狗二次数据采集结果_标定/image/res_robotdog_distill_midterm/1590192576509302784_mask_id.png,327680,317500,0.96893310546875,0.5521713457262848
1590192577709792768,/data1/user/data/2026.05.10_机狗二次数据采集结果_标定/image/res_dinov3_whole/1590192577709792768_mask_id.png,/data1/user/data/2026.05.10_机狗二次数据采集结果_标定/image/res_robotdog_distill_midterm/1590192577709792768_mask_id.png,327680,317357,0.9684967041015625,0.529309528743076
1590192579509282816,/data1/user/data/2026.05.10_机狗二次数据采集结果_标定/image/res_dinov3_whole/1590192579509282816_mask_id.png,/data1/user/data/2026.05.10_机狗二次数据采集结果_标定/image/res_robotdog_distill_midterm/1590192579509282816_mask_id.png,327680,316154,0.964825439453125,0.5871788000584363
1590192580309610752,/data1/user/data/2026.05.10_机狗二次数据采集结果_标定/image/res_dinov3_whole/1590192580309610752_mask_id.png,/data1/user/data/2026.05.10_机狗二次数据采集结果_标定/image/res_robotdog_distill_midterm/1590192580309610752_mask_id.png,327680,316281,0.9652130126953125,0.5578910058135566
1590192580609919744,/data1/user/data/2026.05.10_机狗二次数据采集结果_标定/image/res_dinov3_whole/1590192580609919744_mask_id.png,/data1/user/data/2026.05.10_机狗二次数据采集结果_标定/image/res_robotdog_distill_midterm/1590192580609919744_mask_id.png,327680,314719,0.9604461669921875,0.5615295320058827
1590192580809609984,/data1/user/data/2026.05.10_机狗二次数据采集结果_标定/image/res_dinov3_whole/1590192580809609984_mask_id.png,/data1/user/data/2026.05.10_机狗二次数据采集结果_标定/image/res_robotdog_distill_midterm/1590192580809609984_mask_id.png,327680,314292,0.95914306640625,0.5143320442591546
1590192580909457920,/data1/user/data/2026.05.10_机狗二次数据采集结果_标定/image/res_dinov3_whole/1590192580909457920_mask_id.png,/data1/user/data/2026.05.10_机狗二次数据采集结果_标定/image/res_robotdog_distill_midterm/1590192580909457920_mask_id.png,327680,313712,0.957373046875,0.4160993153892711
1590192581009303808,/data1/user/data/2026.05.10_机狗二次数据采集结果_标定/image/res_dinov3_whole/1590192581009303808_mask_id.png,/data1/user/data/2026.05.10_机狗二次数据采集结果_标定/image/res_robotdog_distill_midterm/1590192581009303808_mask_id.png,327680,313151,0.9556610107421875,0.5244905222960661
1590192581209769984,/data1/user/data/2026.05.10_机狗二次数据采集结果_标定/image/res_dinov3_whole/1590192581209769984_mask_id.png,/data1/user/data/2026.05.10_机狗二次数据采集结果_标定/image/res_robotdog_distill_midterm/1590192581209769984_mask_id.png,327680,312837,0.9547027587890625,0.5292972470718771
1590192581709335808,/data1/user/data/2026.05.10_机狗二次数据采集结果_标定/image/res_dinov3_whole/1590192581709335808_mask_id.png,/data1/user/data/2026.05.10_机狗二次数据采集结果_标定/image/res_robotdog_distill_midterm/1590192581709335808_mask_id.png,327680,301560,0.9202880859375,0.47521081675918314
1590192581809964800,/data1/user/data/2026.05.10_机狗二次数据采集结果_标定/image/res_dinov3_whole/1590192581809964800_mask_id.png,/data1/user/data/2026.05.10_机狗二次数据采集结果_标定/image/res_robotdog_distill_midterm/1590192581809964800_mask_id.png,327680,316250,0.965118408203125,0.6262186470357819
1590192582009639936,/data1/user/data/2026.05.10_机狗二次数据采集结果_标定/image/res_dinov3_whole/1590192582009639936_mask_id.png,/data1/user/data/2026.05.10_机狗二次数据采集结果_标定/image/res_robotdog_distill_midterm/1590192582009639936_mask_id.png,327680,316717,0.9665435791015625,0.5224019146403516
1590192582109489920,/data1/user/data/2026.05.10_机狗二次数据采集结果_标定/image/res_dinov3_whole/1590192582109489920_mask_id.png,/data1/user/data/2026.05.10_机狗二次数据采集结果_标定/image/res_robotdog_distill_midterm/1590192582109489920_mask_id.png,327680,315620,0.96319580078125,0.6348512898839516
1590192582409803776,/data1/user/data/2026.05.10_机狗二次数据采集结果_标定/image/res_dinov3_whole/1590192582409803776_mask_id.png,/data1/user/data/2026.05.10_机狗二次数据采集结果_标定/image/res_robotdog_distill_midterm/1590192582409803776_mask_id.png,327680,312845,0.9547271728515625,0.6202715326253575
1590192583209362944,/data1/user/data/2026.05.10_机狗二次数据采集结果_标定/image/res_dinov3_whole/1590192583209362944_mask_id.png,/data1/user/data/2026.05.10_机狗二次数据采集结果_标定/image/res_robotdog_distill_midterm/1590192583209362944_mask_id.png,327680,313494,0.956707763671875,0.556409121905985
1590192583409430784,/data1/user/data/2026.05.10_机狗二次数据采集结果_标定/image/res_dinov3_whole/1590192583409430784_mask_id.png,/data1/user/data/2026.05.10_机狗二次数据采集结果_标定/image/res_robotdog_distill_midterm/1590192583409430784_mask_id.png,327680,305429,0.9320953369140625,0.530422482245336
1590192583509656832,/data1/user/data/2026.05.10_机狗二次数据采集结果_标定/image/res_dinov3_whole/1590192583509656832_mask_id.png,/data1/user/data/2026.05.10_机狗二次数据采集结果_标定/image/res_robotdog_distill_midterm/1590192583509656832_mask_id.png,327680,308268,0.94075927734375,0.5304056950475349
1590192583609512960,/data1/user/data/2026.05.10_机狗二次数据采集结果_标定/image/res_dinov3_whole/1590192583609512960_mask_id.png,/data1/user/data/2026.05.10_机狗二次数据采集结果_标定/image/res_robotdog_distill_midterm/1590192583609512960_mask_id.png,327680,310108,0.94637451171875,0.64021426410619
1590192583709351936,/data1/user/data/2026.05.10_机狗二次数据采集结果_标定/image/res_dinov3_whole/1590192583709351936_mask_id.png,/data1/user/data/2026.05.10_机狗二次数据采集结果_标定/image/res_robotdog_distill_midterm/1590192583709351936_mask_id.png,327680,308348,0.94100341796875,0.6002751491647967
1590192583809984768,/data1/user/data/2026.05.10_机狗二次数据采集结果_标定/image/res_dinov3_whole/1590192583809984768_mask_id.png,/data1/user/data/2026.05.10_机狗二次数据采集结果_标定/image/res_robotdog_distill_midterm/1590192583809984768_mask_id.png,327680,315961,0.9642364501953125,0.6229582321508367
1590192584109510912,/data1/user/data/2026.05.10_机狗二次数据采集结果_标定/image/res_dinov3_whole/1590192584109510912_mask_id.png,/data1/user/data/2026.05.10_机狗二次数据采集结果_标定/image/res_robotdog_distill_midterm/1590192584109510912_mask_id.png,327680,312208,0.952783203125,0.6220196890558093
1590192586509654784,/data1/user/data/2026.05.10_机狗二次数据采集结果_标定/image/res_dinov3_whole/1590192586509654784_mask_id.png,/data1/user/data/2026.05.10_机狗二次数据采集结果_标定/image/res_robotdog_distill_midterm/1590192586509654784_mask_id.png,327680,314395,0.9594573974609375,0.6510337038694307
1590192587109508864,/data1/user/data/2026.05.10_机狗二次数据采集结果_标定/image/res_dinov3_whole/1590192587109508864_mask_id.png,/data1/user/data/2026.05.10_机狗二次数据采集结果_标定/image/res_robotdog_distill_midterm/1590192587109508864_mask_id.png,327680,314109,0.9585845947265625,0.8523009982408075
1590192587209359872,/data1/user/data/2026.05.10_机狗二次数据采集结果_标定/image/res_dinov3_whole/1590192587209359872_mask_id.png,/data1/user/data/2026.05.10_机狗二次数据采集结果_标定/image/res_robotdog_distill_midterm/1590192587209359872_mask_id.png,327680,310361,0.9471466064453125,0.6449158135556554
1590192587609517824,/data1/user/data/2026.05.10_机狗二次数据采集结果_标定/image/res_dinov3_whole/1590192587609517824_mask_id.png,/data1/user/data/2026.05.10_机狗二次数据采集结果_标定/image/res_robotdog_distill_midterm/1590192587609517824_mask_id.png,327680,313983,0.9582000732421875,0.5900445554386277
1590192587709348864,/data1/user/data/2026.05.10_机狗二次数据采集结果_标定/image/res_dinov3_whole/1590192587709348864_mask_id.png,/data1/user/data/2026.05.10_机狗二次数据采集结果_标定/image/res_robotdog_distill_midterm/1590192587709348864_mask_id.png,327680,309564,0.94471435546875,0.6419622047183122
1590192588009640960,/data1/user/data/2026.05.10_机狗二次数据采集结果_标定/image/res_dinov3_whole/1590192588009640960_mask_id.png,/data1/user/data/2026.05.10_机狗二次数据采集结果_标定/image/res_robotdog_distill_midterm/1590192588009640960_mask_id.png,327680,314986,0.961260986328125,0.7340762899987484
1590192588109489920,/data1/user/data/2026.05.10_机狗二次数据采集结果_标定/image/res_dinov3_whole/1590192588109489920_mask_id.png,/data1/user/data/2026.05.10_机狗二次数据采集结果_标定/image/res_robotdog_distill_midterm/1590192588109489920_mask_id.png,327680,315198,0.961907958984375,0.6685553265530022
1590192588209334784,/data1/user/data/2026.05.10_机狗二次数据采集结果_标定/image/res_dinov3_whole/1590192588209334784_mask_id.png,/data1/user/data/2026.05.10_机狗二次数据采集结果_标定/image/res_robotdog_distill_midterm/1590192588209334784_mask_id.png,327680,309395,0.9441986083984375,0.6317613314841916
1590192588409810944,/data1/user/data/2026.05.10_机狗二次数据采集结果_标定/image/res_dinov3_whole/1590192588409810944_mask_id.png,/data1/user/data/2026.05.10_机狗二次数据采集结果_标定/image/res_robotdog_distill_midterm/1590192588409810944_mask_id.png,327680,314135,0.9586639404296875,0.8176299742588904
1590192588509666816,/data1/user/data/2026.05.10_机狗二次数据采集结果_标定/image/res_dinov3_whole/1590192588509666816_mask_id.png,/data1/user/data/2026.05.10_机狗二次数据采集结果_标定/image/res_robotdog_distill_midterm/1590192588509666816_mask_id.png,327680,309345,0.9440460205078125,0.7485247353062915
1590192588609500928,/data1/user/data/2026.05.10_机狗二次数据采集结果_标定/image/res_dinov3_whole/1590192588609500928_mask_id.png,/data1/user/data/2026.05.10_机狗二次数据采集结果_标定/image/res_robotdog_distill_midterm/1590192588609500928_mask_id.png,327680,312333,0.9531646728515625,0.8945807202015043
1590192588709338880,/data1/user/data/2026.05.10_机狗二次数据采集结果_标定/image/res_dinov3_whole/1590192588709338880_mask_id.png,/data1/user/data/2026.05.10_机狗二次数据采集结果_标定/image/res_robotdog_distill_midterm/1590192588709338880_mask_id.png,327680,305777,0.9331573486328125,0.8487505594227429
1590192589009671936,/data1/user/data/2026.05.10_机狗二次数据采集结果_标定/image/res_dinov3_whole/1590192589009671936_mask_id.png,/data1/user/data/2026.05.10_机狗二次数据采集结果_标定/image/res_robotdog_distill_midterm/1590192589009671936_mask_id.png,327680,314836,0.96080322265625,0.6692971331262917
1590192589109504768,/data1/user/data/2026.05.10_机狗二次数据采集结果_标定/image/res_dinov3_whole/1590192589109504768_mask_id.png,/data1/user/data/2026.05.10_机狗二次数据采集结果_标定/image/res_robotdog_distill_midterm/1590192589109504768_mask_id.png,327680,316433,0.9656768798828125,0.8110203571354708
1590192589209344768,/data1/user/data/2026.05.10_机狗二次数据采集结果_标定/image/res_dinov3_whole/1590192589209344768_mask_id.png,/data1/user/data/2026.05.10_机狗二次数据采集结果_标定/image/res_robotdog_distill_midterm/1590192589209344768_mask_id.png,327680,304656,0.929736328125,0.8182051353903633
1590192589409798912,/data1/user/data/2026.05.10_机狗二次数据采集结果_标定/image/res_dinov3_whole/1590192589409798912_mask_id.png,/data1/user/data/2026.05.10_机狗二次数据采集结果_标定/image/res_robotdog_distill_midterm/1590192589409798912_mask_id.png,327680,315155,0.9617767333984375,0.6701263327468813
1590192589509635840,/data1/user/data/2026.05.10_机狗二次数据采集结果_标定/image/res_dinov3_whole/1590192589509635840_mask_id.png,/data1/user/data/2026.05.10_机狗二次数据采集结果_标定/image/res_robotdog_distill_midterm/1590192589509635840_mask_id.png,327680,314440,0.9595947265625,0.7686033575153584
1590192589609481984,/data1/user/data/2026.05.10_机狗二次数据采集结果_标定/image/res_dinov3_whole/1590192589609481984_mask_id.png,/data1/user/data/2026.05.10_机狗二次数据采集结果_标定/image/res_robotdog_distill_midterm/1590192589609481984_mask_id.png,327680,314640,0.960205078125,0.7574919636367572
1590192589809984768,/data1/user/data/2026.05.10_机狗二次数据采集结果_标定/image/res_dinov3_whole/1590192589809984768_mask_id.png,/data1/user/data/2026.05.10_机狗二次数据采集结果_标定/image/res_robotdog_distill_midterm/1590192589809984768_mask_id.png,327680,311809,0.9515655517578125,0.7659961708289259
1590192589909824768,/data1/user/data/2026.05.10_机狗二次数据采集结果_标定/image/res_dinov3_whole/1590192589909824768_mask_id.png,/data1/user/data/2026.05.10_机狗二次数据采集结果_标定/image/res_robotdog_distill_midterm/1590192589909824768_mask_id.png,327680,314513,0.9598175048828125,0.8693937417094441
1590192590009665792,/data1/user/data/2026.05.10_机狗二次数据采集结果_标定/image/res_dinov3_whole/1590192590009665792_mask_id.png,/data1/user/data/2026.05.10_机狗二次数据采集结果_标定/image/res_robotdog_distill_midterm/1590192590009665792_mask_id.png,327680,308101,0.9402496337890625,0.7858904167670803
1590192590109495040,/data1/user/data/2026.05.10_机狗二次数据采集结果_标定/image/res_dinov3_whole/1590192590109495040_mask_id.png,/data1/user/data/2026.05.10_机狗二次数据采集结果_标定/image/res_robotdog_distill_midterm/1590192590109495040_mask_id.png,327680,310536,0.9476806640625,0.814801770725279
1590192590209336832,/data1/user/data/2026.05.10_机狗二次数据采集结果_标定/image/res_dinov3_whole/1590192590209336832_mask_id.png,/data1/user/data/2026.05.10_机狗二次数据采集结果_标定/image/res_robotdog_distill_midterm/1590192590209336832_mask_id.png,327680,315317,0.9622711181640625,0.6761496190638766
1590192590309969920,/data1/user/data/2026.05.10_机狗二次数据采集结果_标定/image/res_dinov3_whole/1590192590309969920_mask_id.png,/data1/user/data/2026.05.10_机狗二次数据采集结果_标定/image/res_robotdog_distill_midterm/1590192590309969920_mask_id.png,327680,310612,0.94791259765625,0.837174424020853
1590192590409805824,/data1/user/data/2026.05.10_机狗二次数据采集结果_标定/image/res_dinov3_whole/1590192590409805824_mask_id.png,/data1/user/data/2026.05.10_机狗二次数据采集结果_标定/image/res_robotdog_distill_midterm/1590192590409805824_mask_id.png,327680,305444,0.93214111328125,0.7992792097549098
1590192590509652992,/data1/user/data/2026.05.10_机狗二次数据采集结果_标定/image/res_dinov3_whole/1590192590509652992_mask_id.png,/data1/user/data/2026.05.10_机狗二次数据采集结果_标定/image/res_robotdog_distill_midterm/1590192590509652992_mask_id.png,327680,316036,0.96446533203125,0.7421200703429538
1590192590609491968,/data1/user/data/2026.05.10_机狗二次数据采集结果_标定/image/res_dinov3_whole/1590192590609491968_mask_id.png,/data1/user/data/2026.05.10_机狗二次数据采集结果_标定/image/res_robotdog_distill_midterm/1590192590609491968_mask_id.png,327680,303313,0.9256378173828125,0.7897997154842274
1590192590709327872,/data1/user/data/2026.05.10_机狗二次数据采集结果_标定/image/res_dinov3_whole/1590192590709327872_mask_id.png,/data1/user/data/2026.05.10_机狗二次数据采集结果_标定/image/res_robotdog_distill_midterm/1590192590709327872_mask_id.png,327680,315225,0.9619903564453125,0.8485158362126523
1590192590809959936,/data1/user/data/2026.05.10_机狗二次数据采集结果_标定/image/res_dinov3_whole/1590192590809959936_mask_id.png,/data1/user/data/2026.05.10_机狗二次数据采集结果_标定/image/res_robotdog_distill_midterm/1590192590809959936_mask_id.png,327680,310011,0.9460784912109375,0.8554238178358068
1590192591009630976,/data1/user/data/2026.05.10_机狗二次数据采集结果_标定/image/res_dinov3_whole/1590192591009630976_mask_id.png,/data1/user/data/2026.05.10_机狗二次数据采集结果_标定/image/res_robotdog_distill_midterm/1590192591009630976_mask_id.png,327680,312474,0.953594970703125,0.762768082733879
1590192591109476864,/data1/user/data/2026.05.10_机狗二次数据采集结果_标定/image/res_dinov3_whole/1590192591109476864_mask_id.png,/data1/user/data/2026.05.10_机狗二次数据采集结果_标定/image/res_robotdog_distill_midterm/1590192591109476864_mask_id.png,327680,315789,0.9637115478515625,0.6756587944616798
1590192591309962752,/data1/user/data/2026.05.10_机狗二次数据采集结果_标定/image/res_dinov3_whole/1590192591309962752_mask_id.png,/data1/user/data/2026.05.10_机狗二次数据采集结果_标定/image/res_robotdog_distill_midterm/1590192591309962752_mask_id.png,327680,301079,0.9188201904296875,0.6914057601219006
1590192591409800960,/data1/user/data/2026.05.10_机狗二次数据采集结果_标定/image/res_dinov3_whole/1590192591409800960_mask_id.png,/data1/user/data/2026.05.10_机狗二次数据采集结果_标定/image/res_robotdog_distill_midterm/1590192591409800960_mask_id.png,327680,317239,0.9681365966796875,0.7325971625840543
1590192591709282048,/data1/user/data/2026.05.10_机狗二次数据采集结果_标定/image/res_dinov3_whole/1590192591709282048_mask_id.png,/data1/user/data/2026.05.10_机狗二次数据采集结果_标定/image/res_robotdog_distill_midterm/1590192591709282048_mask_id.png,327680,309469,0.9444244384765625,0.7254378158767711
1590192591809910784,/data1/user/data/2026.05.10_机狗二次数据采集结果_标定/image/res_dinov3_whole/1590192591809910784_mask_id.png,/data1/user/data/2026.05.10_机狗二次数据采集结果_标定/image/res_robotdog_distill_midterm/1590192591809910784_mask_id.png,327680,316761,0.9666778564453125,0.6146351985336989
1590192591909742848,/data1/user/data/2026.05.10_机狗二次数据采集结果_标定/image/res_dinov3_whole/1590192591909742848_mask_id.png,/data1/user/data/2026.05.10_机狗二次数据采集结果_标定/image/res_robotdog_distill_midterm/1590192591909742848_mask_id.png,327680,313962,0.958135986328125,0.5921644371807318
1590192592009586944,/data1/user/data/2026.05.10_机狗二次数据采集结果_标定/image/res_dinov3_whole/1590192592009586944_mask_id.png,/data1/user/data/2026.05.10_机狗二次数据采集结果_标定/image/res_robotdog_distill_midterm/1590192592009586944_mask_id.png,327680,312072,0.9523681640625,0.6596294300258033
1590192592109418752,/data1/user/data/2026.05.10_机狗二次数据采集结果_标定/image/res_dinov3_whole/1590192592109418752_mask_id.png,/data1/user/data/2026.05.10_机狗二次数据采集结果_标定/image/res_robotdog_distill_midterm/1590192592109418752_mask_id.png,327680,293981,0.8971588134765625,0.7474851744966815
1590192592209662976,/data1/user/data/2026.05.10_机狗二次数据采集结果_标定/image/res_dinov3_whole/1590192592209662976_mask_id.png,/data1/user/data/2026.05.10_机狗二次数据采集结果_标定/image/res_robotdog_distill_midterm/1590192592209662976_mask_id.png,327680,294743,0.8994842529296875,0.6003135829726644
1590192592309503744,/data1/user/data/2026.05.10_机狗二次数据采集结果_标定/image/res_dinov3_whole/1590192592309503744_mask_id.png,/data1/user/data/2026.05.10_机狗二次数据采集结果_标定/image/res_robotdog_distill_midterm/1590192592309503744_mask_id.png,327680,297402,0.907598876953125,0.554562975094187
1590192592409347840,/data1/user/data/2026.05.10_机狗二次数据采集结果_标定/image/res_dinov3_whole/1590192592409347840_mask_id.png,/data1/user/data/2026.05.10_机狗二次数据采集结果_标定/image/res_robotdog_distill_midterm/1590192592409347840_mask_id.png,327680,307245,0.9376373291015625,0.5453844429899561
1590192592509982976,/data1/user/data/2026.05.10_机狗二次数据采集结果_标定/image/res_dinov3_whole/1590192592509982976_mask_id.png,/data1/user/data/2026.05.10_机狗二次数据采集结果_标定/image/res_robotdog_distill_midterm/1590192592509982976_mask_id.png,327680,316370,0.965484619140625,0.7080353575239444
1590192592609817856,/data1/user/data/2026.05.10_机狗二次数据采集结果_标定/image/res_dinov3_whole/1590192592609817856_mask_id.png,/data1/user/data/2026.05.10_机狗二次数据采集结果_标定/image/res_robotdog_distill_midterm/1590192592609817856_mask_id.png,327680,307999,0.9399383544921875,0.8087549828061377
1590192592909324800,/data1/user/data/2026.05.10_机狗二次数据采集结果_标定/image/res_dinov3_whole/1590192592909324800_mask_id.png,/data1/user/data/2026.05.10_机狗二次数据采集结果_标定/image/res_robotdog_distill_midterm/1590192592909324800_mask_id.png,327680,314681,0.9603302001953125,0.7393459084605556
1590192593209630976,/data1/user/data/2026.05.10_机狗二次数据采集结果_标定/image/res_dinov3_whole/1590192593209630976_mask_id.png,/data1/user/data/2026.05.10_机狗二次数据采集结果_标定/image/res_robotdog_distill_midterm/1590192593209630976_mask_id.png,327680,315647,0.9632781982421875,0.6593465781222065
1590192593309462784,/data1/user/data/2026.05.10_机狗二次数据采集结果_标定/image/res_dinov3_whole/1590192593309462784_mask_id.png,/data1/user/data/2026.05.10_机狗二次数据采集结果_标定/image/res_robotdog_distill_midterm/1590192593309462784_mask_id.png,327680,316823,0.9668670654296875,0.6074561248683324
1590192593809452800,/data1/user/data/2026.05.10_机狗二次数据采集结果_标定/image/res_dinov3_whole/1590192593809452800_mask_id.png,/data1/user/data/2026.05.10_机狗二次数据采集结果_标定/image/res_robotdog_distill_midterm/1590192593809452800_mask_id.png,327680,316767,0.9666961669921875,0.662474156668017
1590192593909297920,/data1/user/data/2026.05.10_机狗二次数据采集结果_标定/image/res_dinov3_whole/1590192593909297920_mask_id.png,/data1/user/data/2026.05.10_机狗二次数据采集结果_标定/image/res_robotdog_distill_midterm/1590192593909297920_mask_id.png,327680,312846,0.954730224609375,0.6867093969467766
1590192594009920000,/data1/user/data/2026.05.10_机狗二次数据采集结果_标定/image/res_dinov3_whole/1590192594009920000_mask_id.png,/data1/user/data/2026.05.10_机狗二次数据采集结果_标定/image/res_robotdog_distill_midterm/1590192594009920000_mask_id.png,327680,312048,0.952294921875,0.6318338418593407
1590192594109759744,/data1/user/data/2026.05.10_机狗二次数据采集结果_标定/image/res_dinov3_whole/1590192594109759744_mask_id.png,/data1/user/data/2026.05.10_机狗二次数据采集结果_标定/image/res_robotdog_distill_midterm/1590192594109759744_mask_id.png,327680,306817,0.9363311767578125,0.6380511087981877
1590192594209592832,/data1/user/data/2026.05.10_机狗二次数据采集结果_标定/image/res_dinov3_whole/1590192594209592832_mask_id.png,/data1/user/data/2026.05.10_机狗二次数据采集结果_标定/image/res_robotdog_distill_midterm/1590192594209592832_mask_id.png,327680,313612,0.95706787109375,0.6829381610421765
1590192594309442816,/data1/user/data/2026.05.10_机狗二次数据采集结果_标定/image/res_dinov3_whole/1590192594309442816_mask_id.png,/data1/user/data/2026.05.10_机狗二次数据采集结果_标定/image/res_robotdog_distill_midterm/1590192594309442816_mask_id.png,327680,299000,0.9124755859375,0.7469286172344659
1590192594409291776,/data1/user/data/2026.05.10_机狗二次数据采集结果_标定/image/res_dinov3_whole/1590192594409291776_mask_id.png,/data1/user/data/2026.05.10_机狗二次数据采集结果_标定/image/res_robotdog_distill_midterm/1590192594409291776_mask_id.png,327680,311836,0.95164794921875,0.8419492673837098
1590192594509917952,/data1/user/data/2026.05.10_机狗二次数据采集结果_标定/image/res_dinov3_whole/1590192594509917952_mask_id.png,/data1/user/data/2026.05.10_机狗二次数据采集结果_标定/image/res_robotdog_distill_midterm/1590192594509917952_mask_id.png,327680,311863,0.9517303466796875,0.7006115859773328
1590192594609761792,/data1/user/data/2026.05.10_机狗二次数据采集结果_标定/image/res_dinov3_whole/1590192594609761792_mask_id.png,/data1/user/data/2026.05.10_机狗二次数据采集结果_标定/image/res_robotdog_distill_midterm/1590192594609761792_mask_id.png,327680,316186,0.964923095703125,0.853595978615806
1590192594909280000,/data1/user/data/2026.05.10_机狗二次数据采集结果_标定/image/res_dinov3_whole/1590192594909280000_mask_id.png,/data1/user/data/2026.05.10_机狗二次数据采集结果_标定/image/res_robotdog_distill_midterm/1590192594909280000_mask_id.png,327680,311753,0.9513946533203125,0.6430958421890678
1590192595009920768,/data1/user/data/2026.05.10_机狗二次数据采集结果_标定/image/res_dinov3_whole/1590192595009920768_mask_id.png,/data1/user/data/2026.05.10_机狗二次数据采集结果_标定/image/res_robotdog_distill_midterm/1590192595009920768_mask_id.png,327680,316454,0.965740966796875,0.7795442514732948
1590192595109768960,/data1/user/data/2026.05.10_机狗二次数据采集结果_标定/image/res_dinov3_whole/1590192595109768960_mask_id.png,/data1/user/data/2026.05.10_机狗二次数据采集结果_标定/image/res_robotdog_distill_midterm/1590192595109768960_mask_id.png,327680,304887,0.9304412841796875,0.6845251076637591
1590192595209606912,/data1/user/data/2026.05.10_机狗二次数据采集结果_标定/image/res_dinov3_whole/1590192595209606912_mask_id.png,/data1/user/data/2026.05.10_机狗二次数据采集结果_标定/image/res_robotdog_distill_midterm/1590192595209606912_mask_id.png,327680,313344,0.95625,0.7056859200990012
1590192595309435904,/data1/user/data/2026.05.10_机狗二次数据采集结果_标定/image/res_dinov3_whole/1590192595309435904_mask_id.png,/data1/user/data/2026.05.10_机狗二次数据采集结果_标定/image/res_robotdog_distill_midterm/1590192595309435904_mask_id.png,327680,311429,0.9504058837890625,0.686158047111939
1590192595409666816,/data1/user/data/2026.05.10_机狗二次数据采集结果_标定/image/res_dinov3_whole/1590192595409666816_mask_id.png,/data1/user/data/2026.05.10_机狗二次数据采集结果_标定/image/res_robotdog_distill_midterm/1590192595409666816_mask_id.png,327680,312473,0.9535919189453125,0.6415691537110898
1590192595509498880,/data1/user/data/2026.05.10_机狗二次数据采集结果_标定/image/res_dinov3_whole/1590192595509498880_mask_id.png,/data1/user/data/2026.05.10_机狗二次数据采集结果_标定/image/res_robotdog_distill_midterm/1590192595509498880_mask_id.png,327680,308581,0.9417144775390625,0.8046731764242101
1590192595609338880,/data1/user/data/2026.05.10_机狗二次数据采集结果_标定/image/res_dinov3_whole/1590192595609338880_mask_id.png,/data1/user/data/2026.05.10_机狗二次数据采集结果_标定/image/res_robotdog_distill_midterm/1590192595609338880_mask_id.png,327680,312277,0.9529937744140625,0.7530143946061186
1590192595709983232,/data1/user/data/2026.05.10_机狗二次数据采集结果_标定/image/res_dinov3_whole/1590192595709983232_mask_id.png,/data1/user/data/2026.05.10_机狗二次数据采集结果_标定/image/res_robotdog_distill_midterm/1590192595709983232_mask_id.png,327680,314599,0.9600799560546875,0.7130265526093974
1590192595809826816,/data1/user/data/2026.05.10_机狗二次数据采集结果_标定/image/res_dinov3_whole/1590192595809826816_mask_id.png,/data1/user/data/2026.05.10_机狗二次数据采集结果_标定/image/res_robotdog_distill_midterm/1590192595809826816_mask_id.png,327680,313268,0.95601806640625,0.7582888422931475
1590192595909668864,/data1/user/data/2026.05.10_机狗二次数据采集结果_标定/image/res_dinov3_whole/1590192595909668864_mask_id.png,/data1/user/data/2026.05.10_机狗二次数据采集结果_标定/image/res_robotdog_distill_midterm/1590192595909668864_mask_id.png,327680,293654,0.896160888671875,0.7843771115579175
1590192596009494784,/data1/user/data/2026.05.10_机狗二次数据采集结果_标定/image/res_dinov3_whole/1590192596009494784_mask_id.png,/data1/user/data/2026.05.10_机狗二次数据采集结果_标定/image/res_robotdog_distill_midterm/1590192596009494784_mask_id.png,327680,309426,0.944293212890625,0.8023745333158583
1590192596109337856,/data1/user/data/2026.05.10_机狗二次数据采集结果_标定/image/res_dinov3_whole/1590192596109337856_mask_id.png,/data1/user/data/2026.05.10_机狗二次数据采集结果_标定/image/res_robotdog_distill_midterm/1590192596109337856_mask_id.png,327680,310083,0.9462982177734375,0.6960296327770656
1590192596209979904,/data1/user/data/2026.05.10_机狗二次数据采集结果_标定/image/res_dinov3_whole/1590192596209979904_mask_id.png,/data1/user/data/2026.05.10_机狗二次数据采集结果_标定/image/res_robotdog_distill_midterm/1590192596209979904_mask_id.png,327680,315702,0.963446044921875,0.7865671921854809
1590192596309827840,/data1/user/data/2026.05.10_机狗二次数据采集结果_标定/image/res_dinov3_whole/1590192596309827840_mask_id.png,/data1/user/data/2026.05.10_机狗二次数据采集结果_标定/image/res_robotdog_distill_midterm/1590192596309827840_mask_id.png,327680,311431,0.9504119873046875,0.6535444706227821
1590192596409668096,/data1/user/data/2026.05.10_机狗二次数据采集结果_标定/image/res_dinov3_whole/1590192596409668096_mask_id.png,/data1/user/data/2026.05.10_机狗二次数据采集结果_标定/image/res_robotdog_distill_midterm/1590192596409668096_mask_id.png,327680,311413,0.9503570556640625,0.672707105753158
1590192596509512960,/data1/user/data/2026.05.10_机狗二次数据采集结果_标定/image/res_dinov3_whole/1590192596509512960_mask_id.png,/data1/user/data/2026.05.10_机狗二次数据采集结果_标定/image/res_robotdog_distill_midterm/1590192596509512960_mask_id.png,327680,307409,0.9381378173828125,0.6871721991564169
1590192596609355776,/data1/user/data/2026.05.10_机狗二次数据采集结果_标定/image/res_dinov3_whole/1590192596609355776_mask_id.png,/data1/user/data/2026.05.10_机狗二次数据采集结果_标定/image/res_robotdog_distill_midterm/1590192596609355776_mask_id.png,327680,313826,0.957720947265625,0.7443171497684319
1590192596709983232,/data1/user/data/2026.05.10_机狗二次数据采集结果_标定/image/res_dinov3_whole/1590192596709983232_mask_id.png,/data1/user/data/2026.05.10_机狗二次数据采集结果_标定/image/res_robotdog_distill_midterm/1590192596709983232_mask_id.png,327680,315963,0.9642425537109375,0.7434415048877683
1590192596809822208,/data1/user/data/2026.05.10_机狗二次数据采集结果_标定/image/res_dinov3_whole/1590192596809822208_mask_id.png,/data1/user/data/2026.05.10_机狗二次数据采集结果_标定/image/res_robotdog_distill_midterm/1590192596809822208_mask_id.png,327680,300715,0.9177093505859375,0.6995762816205872
1590192596909654784,/data1/user/data/2026.05.10_机狗二次数据采集结果_标定/image/res_dinov3_whole/1590192596909654784_mask_id.png,/data1/user/data/2026.05.10_机狗二次数据采集结果_标定/image/res_robotdog_distill_midterm/1590192596909654784_mask_id.png,327680,294006,0.897235107421875,0.5757675192005718
1590192597009494784,/data1/user/data/2026.05.10_机狗二次数据采集结果_标定/image/res_dinov3_whole/1590192597009494784_mask_id.png,/data1/user/data/2026.05.10_机狗二次数据采集结果_标定/image/res_robotdog_distill_midterm/1590192597009494784_mask_id.png,327680,301372,0.91971435546875,0.5974452827253349
1590192597109338880,/data1/user/data/2026.05.10_机狗二次数据采集结果_标定/image/res_dinov3_whole/1590192597109338880_mask_id.png,/data1/user/data/2026.05.10_机狗二次数据采集结果_标定/image/res_robotdog_distill_midterm/1590192597109338880_mask_id.png,327680,300127,0.9159149169921875,0.6918365953905984
1590192597209963776,/data1/user/data/2026.05.10_机狗二次数据采集结果_标定/image/res_dinov3_whole/1590192597209963776_mask_id.png,/data1/user/data/2026.05.10_机狗二次数据采集结果_标定/image/res_robotdog_distill_midterm/1590192597209963776_mask_id.png,327680,291691,0.8901702880859375,0.6981740945096349
1590192597309801216,/data1/user/data/2026.05.10_机狗二次数据采集结果_标定/image/res_dinov3_whole/1590192597309801216_mask_id.png,/data1/user/data/2026.05.10_机狗二次数据采集结果_标定/image/res_robotdog_distill_midterm/1590192597309801216_mask_id.png,327680,310910,0.948822021484375,0.6428847010981318
1590192597409647872,/data1/user/data/2026.05.10_机狗二次数据采集结果_标定/image/res_dinov3_whole/1590192597409647872_mask_id.png,/data1/user/data/2026.05.10_机狗二次数据采集结果_标定/image/res_robotdog_distill_midterm/1590192597409647872_mask_id.png,327680,305681,0.9328643798828125,0.7831415635428
1590192597509488896,/data1/user/data/2026.05.10_机狗二次数据采集结果_标定/image/res_dinov3_whole/1590192597509488896_mask_id.png,/data1/user/data/2026.05.10_机狗二次数据采集结果_标定/image/res_robotdog_distill_midterm/1590192597509488896_mask_id.png,327680,305596,0.93260498046875,0.6576009945243306
1590192597609338880,/data1/user/data/2026.05.10_机狗二次数据采集结果_标定/image/res_dinov3_whole/1590192597609338880_mask_id.png,/data1/user/data/2026.05.10_机狗二次数据采集结果_标定/image/res_robotdog_distill_midterm/1590192597609338880_mask_id.png,327680,311373,0.9502349853515625,0.6811417736877684
1590192597709969920,/data1/user/data/2026.05.10_机狗二次数据采集结果_标定/image/res_dinov3_whole/1590192597709969920_mask_id.png,/data1/user/data/2026.05.10_机狗二次数据采集结果_标定/image/res_robotdog_distill_midterm/1590192597709969920_mask_id.png,327680,316474,0.965802001953125,0.7886329633933035
1590192597809799936,/data1/user/data/2026.05.10_机狗二次数据采集结果_标定/image/res_dinov3_whole/1590192597809799936_mask_id.png,/data1/user/data/2026.05.10_机狗二次数据采集结果_标定/image/res_robotdog_distill_midterm/1590192597809799936_mask_id.png,327680,312618,0.954034423828125,0.6373818989631016
1590192597909633792,/data1/user/data/2026.05.10_机狗二次数据采集结果_标定/image/res_dinov3_whole/1590192597909633792_mask_id.png,/data1/user/data/2026.05.10_机狗二次数据采集结果_标定/image/res_robotdog_distill_midterm/1590192597909633792_mask_id.png,327680,300657,0.9175323486328125,0.6661142176094392
1590192598009462784,/data1/user/data/2026.05.10_机狗二次数据采集结果_标定/image/res_dinov3_whole/1590192598009462784_mask_id.png,/data1/user/data/2026.05.10_机狗二次数据采集结果_标定/image/res_robotdog_distill_midterm/1590192598009462784_mask_id.png,327680,310469,0.9474761962890625,0.8103926593058498
1590192598109307904,/data1/user/data/2026.05.10_机狗二次数据采集结果_标定/image/res_dinov3_whole/1590192598109307904_mask_id.png,/data1/user/data/2026.05.10_机狗二次数据采集结果_标定/image/res_robotdog_distill_midterm/1590192598109307904_mask_id.png,327680,300878,0.918206787109375,0.6798549424200332
1590192598209934848,/data1/user/data/2026.05.10_机狗二次数据采集结果_标定/image/res_dinov3_whole/1590192598209934848_mask_id.png,/data1/user/data/2026.05.10_机狗二次数据采集结果_标定/image/res_robotdog_distill_midterm/1590192598209934848_mask_id.png,327680,297140,0.90679931640625,0.8167826086405269
1590192598309768960,/data1/user/data/2026.05.10_机狗二次数据采集结果_标定/image/res_dinov3_whole/1590192598309768960_mask_id.png,/data1/user/data/2026.05.10_机狗二次数据采集结果_标定/image/res_robotdog_distill_midterm/1590192598309768960_mask_id.png,327680,284750,0.868988037109375,0.6487990245380724
1590192598409595904,/data1/user/data/2026.05.10_机狗二次数据采集结果_标定/image/res_dinov3_whole/1590192598409595904_mask_id.png,/data1/user/data/2026.05.10_机狗二次数据采集结果_标定/image/res_robotdog_distill_midterm/1590192598409595904_mask_id.png,327680,305602,0.932623291015625,0.64668435520532
1590192598509434112,/data1/user/data/2026.05.10_机狗二次数据采集结果_标定/image/res_dinov3_whole/1590192598509434112_mask_id.png,/data1/user/data/2026.05.10_机狗二次数据采集结果_标定/image/res_robotdog_distill_midterm/1590192598509434112_mask_id.png,327680,316497,0.9658721923828125,0.8021663978557796
1590192598609281792,/data1/user/data/2026.05.10_机狗二次数据采集结果_标定/image/res_dinov3_whole/1590192598609281792_mask_id.png,/data1/user/data/2026.05.10_机狗二次数据采集结果_标定/image/res_robotdog_distill_midterm/1590192598609281792_mask_id.png,327680,311314,0.950054931640625,0.8148638868749435
1590192598709926912,/data1/user/data/2026.05.10_机狗二次数据采集结果_标定/image/res_dinov3_whole/1590192598709926912_mask_id.png,/data1/user/data/2026.05.10_机狗二次数据采集结果_标定/image/res_robotdog_distill_midterm/1590192598709926912_mask_id.png,327680,305304,0.9317138671875,0.7799549457366205
1590192598809776896,/data1/user/data/2026.05.10_机狗二次数据采集结果_标定/image/res_dinov3_whole/1590192598809776896_mask_id.png,/data1/user/data/2026.05.10_机狗二次数据采集结果_标定/image/res_robotdog_distill_midterm/1590192598809776896_mask_id.png,327680,308445,0.9412994384765625,0.8035809123376996
1590192598909634816,/data1/user/data/2026.05.10_机狗二次数据采集结果_标定/image/res_dinov3_whole/1590192598909634816_mask_id.png,/data1/user/data/2026.05.10_机狗二次数据采集结果_标定/image/res_robotdog_distill_midterm/1590192598909634816_mask_id.png,327680,314001,0.9582550048828125,0.8188136245030524
1590192599009484800,/data1/user/data/2026.05.10_机狗二次数据采集结果_标定/image/res_dinov3_whole/1590192599009484800_mask_id.png,/data1/user/data/2026.05.10_机狗二次数据采集结果_标定/image/res_robotdog_distill_midterm/1590192599009484800_mask_id.png,327680,301293,0.9194732666015625,0.5897484094004877
1590192599109326848,/data1/user/data/2026.05.10_机狗二次数据采集结果_标定/image/res_dinov3_whole/1590192599109326848_mask_id.png,/data1/user/data/2026.05.10_机狗二次数据采集结果_标定/image/res_robotdog_distill_midterm/1590192599109326848_mask_id.png,327680,306841,0.9364044189453125,0.7612877924793824
1590192599209972992,/data1/user/data/2026.05.10_机狗二次数据采集结果_标定/image/res_dinov3_whole/1590192599209972992_mask_id.png,/data1/user/data/2026.05.10_机狗二次数据采集结果_标定/image/res_robotdog_distill_midterm/1590192599209972992_mask_id.png,327680,298950,0.912322998046875,0.7889994269413103
1590192599309811968,/data1/user/data/2026.05.10_机狗二次数据采集结果_标定/image/res_dinov3_whole/1590192599309811968_mask_id.png,/data1/user/data/2026.05.10_机狗二次数据采集结果_标定/image/res_robotdog_distill_midterm/1590192599309811968_mask_id.png,327680,308800,0.9423828125,0.661949678500587
1590192599409645824,/data1/user/data/2026.05.10_机狗二次数据采集结果_标定/image/res_dinov3_whole/1590192599409645824_mask_id.png,/data1/user/data/2026.05.10_机狗二次数据采集结果_标定/image/res_robotdog_distill_midterm/1590192599409645824_mask_id.png,327680,304992,0.93076171875,0.7746764046949817
1590192599509479936,/data1/user/data/2026.05.10_机狗二次数据采集结果_标定/image/res_dinov3_whole/1590192599509479936_mask_id.png,/data1/user/data/2026.05.10_机狗二次数据采集结果_标定/image/res_robotdog_distill_midterm/1590192599509479936_mask_id.png,327680,309355,0.9440765380859375,0.811736974428579
1590192599609309952,/data1/user/data/2026.05.10_机狗二次数据采集结果_标定/image/res_dinov3_whole/1590192599609309952_mask_id.png,/data1/user/data/2026.05.10_机狗二次数据采集结果_标定/image/res_robotdog_distill_midterm/1590192599609309952_mask_id.png,327680,309415,0.9442596435546875,0.725687924180106
1590192599709948928,/data1/user/data/2026.05.10_机狗二次数据采集结果_标定/image/res_dinov3_whole/1590192599709948928_mask_id.png,/data1/user/data/2026.05.10_机狗二次数据采集结果_标定/image/res_robotdog_distill_midterm/1590192599709948928_mask_id.png,327680,306034,0.933941650390625,0.6832351544416884
1590192599809773824,/data1/user/data/2026.05.10_机狗二次数据采集结果_标定/image/res_dinov3_whole/1590192599809773824_mask_id.png,/data1/user/data/2026.05.10_机狗二次数据采集结果_标定/image/res_robotdog_distill_midterm/1590192599809773824_mask_id.png,327680,314562,0.959967041015625,0.7169426922815474
1590192599909605888,/data1/user/data/2026.05.10_机狗二次数据采集结果_标定/image/res_dinov3_whole/1590192599909605888_mask_id.png,/data1/user/data/2026.05.10_机狗二次数据采集结果_标定/image/res_robotdog_distill_midterm/1590192599909605888_mask_id.png,327680,313141,0.9556304931640625,0.7186246473385364
1590192600009441792,/data1/user/data/2026.05.10_机狗二次数据采集结果_标定/image/res_dinov3_whole/1590192600009441792_mask_id.png,/data1/user/data/2026.05.10_机狗二次数据采集结果_标定/image/res_robotdog_distill_midterm/1590192600009441792_mask_id.png,327680,299918,0.915277099609375,0.6506453457848946
1590192600109290752,/data1/user/data/2026.05.10_机狗二次数据采集结果_标定/image/res_dinov3_whole/1590192600109290752_mask_id.png,/data1/user/data/2026.05.10_机狗二次数据采集结果_标定/image/res_robotdog_distill_midterm/1590192600109290752_mask_id.png,327680,289653,0.8839508056640625,0.736592844366874
1590192600209919744,/data1/user/data/2026.05.10_机狗二次数据采集结果_标定/image/res_dinov3_whole/1590192600209919744_mask_id.png,/data1/user/data/2026.05.10_机狗二次数据采集结果_标定/image/res_robotdog_distill_midterm/1590192600209919744_mask_id.png,327680,310329,0.9470489501953125,0.7207074686990261
1590192600309759744,/data1/user/data/2026.05.10_机狗二次数据采集结果_标定/image/res_dinov3_whole/1590192600309759744_mask_id.png,/data1/user/data/2026.05.10_机狗二次数据采集结果_标定/image/res_robotdog_distill_midterm/1590192600309759744_mask_id.png,327680,313177,0.9557403564453125,0.774205890549734
1590192600409588992,/data1/user/data/2026.05.10_机狗二次数据采集结果_标定/image/res_dinov3_whole/1590192600409588992_mask_id.png,/data1/user/data/2026.05.10_机狗二次数据采集结果_标定/image/res_robotdog_distill_midterm/1590192600409588992_mask_id.png,327680,305194,0.931378173828125,0.6578618059220578
1590192600509430784,/data1/user/data/2026.05.10_机狗二次数据采集结果_标定/image/res_dinov3_whole/1590192600509430784_mask_id.png,/data1/user/data/2026.05.10_机狗二次数据采集结果_标定/image/res_robotdog_distill_midterm/1590192600509430784_mask_id.png,327680,313055,0.9553680419921875,0.5961303519594858
1590192600609670912,/data1/user/data/2026.05.10_机狗二次数据采集结果_标定/image/res_dinov3_whole/1590192600609670912_mask_id.png,/data1/user/data/2026.05.10_机狗二次数据采集结果_标定/image/res_robotdog_distill_midterm/1590192600609670912_mask_id.png,327680,311608,0.9509521484375,0.7239802447670662
1590192600709505792,/data1/user/data/2026.05.10_机狗二次数据采集结果_标定/image/res_dinov3_whole/1590192600709505792_mask_id.png,/data1/user/data/2026.05.10_机狗二次数据采集结果_标定/image/res_robotdog_distill_midterm/1590192600709505792_mask_id.png,327680,305819,0.9332855224609375,0.5739039369719343
1590192600809349888,/data1/user/data/2026.05.10_机狗二次数据采集结果_标定/image/res_dinov3_whole/1590192600809349888_mask_id.png,/data1/user/data/2026.05.10_机狗二次数据采集结果_标定/image/res_robotdog_distill_midterm/1590192600809349888_mask_id.png,327680,306990,0.936859130859375,0.7284626571927093
1590192600909976832,/data1/user/data/2026.05.10_机狗二次数据采集结果_标定/image/res_dinov3_whole/1590192600909976832_mask_id.png,/data1/user/data/2026.05.10_机狗二次数据采集结果_标定/image/res_robotdog_distill_midterm/1590192600909976832_mask_id.png,327680,299939,0.9153411865234375,0.6590406382116941
1590192601009812992,/data1/user/data/2026.05.10_机狗二次数据采集结果_标定/image/res_dinov3_whole/1590192601009812992_mask_id.png,/data1/user/data/2026.05.10_机狗二次数据采集结果_标定/image/res_robotdog_distill_midterm/1590192601009812992_mask_id.png,327680,313493,0.9567047119140625,0.7819984760020542
1590192601109648896,/data1/user/data/2026.05.10_机狗二次数据采集结果_标定/image/res_dinov3_whole/1590192601109648896_mask_id.png,/data1/user/data/2026.05.10_机狗二次数据采集结果_标定/image/res_robotdog_distill_midterm/1590192601109648896_mask_id.png,327680,314449,0.9596221923828125,0.8766542319325256
1590192601209491968,/data1/user/data/2026.05.10_机狗二次数据采集结果_标定/image/res_dinov3_whole/1590192601209491968_mask_id.png,/data1/user/data/2026.05.10_机狗二次数据采集结果_标定/image/res_robotdog_distill_midterm/1590192601209491968_mask_id.png,327680,314428,0.95955810546875,0.7748466931984136
1590192601309316864,/data1/user/data/2026.05.10_机狗二次数据采集结果_标定/image/res_dinov3_whole/1590192601309316864_mask_id.png,/data1/user/data/2026.05.10_机狗二次数据采集结果_标定/image/res_robotdog_distill_midterm/1590192601309316864_mask_id.png,327680,295161,0.9007598876953125,0.7294045981829864
1590192601409956864,/data1/user/data/2026.05.10_机狗二次数据采集结果_标定/image/res_dinov3_whole/1590192601409956864_mask_id.png,/data1/user/data/2026.05.10_机狗二次数据采集结果_标定/image/res_robotdog_distill_midterm/1590192601409956864_mask_id.png,327680,301887,0.9212860107421875,0.7169689524906957
1590192601509797888,/data1/user/data/2026.05.10_机狗二次数据采集结果_标定/image/res_dinov3_whole/1590192601509797888_mask_id.png,/data1/user/data/2026.05.10_机狗二次数据采集结果_标定/image/res_robotdog_distill_midterm/1590192601509797888_mask_id.png,327680,311325,0.9500885009765625,0.6835690205936529
1590192601609628928,/data1/user/data/2026.05.10_机狗二次数据采集结果_标定/image/res_dinov3_whole/1590192601609628928_mask_id.png,/data1/user/data/2026.05.10_机狗二次数据采集结果_标定/image/res_robotdog_distill_midterm/1590192601609628928_mask_id.png,327680,297025,0.9064483642578125,0.7354502529745112
1590192601709481984,/data1/user/data/2026.05.10_机狗二次数据采集结果_标定/image/res_dinov3_whole/1590192601709481984_mask_id.png,/data1/user/data/2026.05.10_机狗二次数据采集结果_标定/image/res_robotdog_distill_midterm/1590192601709481984_mask_id.png,327680,294775,0.8995819091796875,0.764137583491437
1590192601809332992,/data1/user/data/2026.05.10_机狗二次数据采集结果_标定/image/res_dinov3_whole/1590192601809332992_mask_id.png,/data1/user/data/2026.05.10_机狗二次数据采集结果_标定/image/res_robotdog_distill_midterm/1590192601809332992_mask_id.png,327680,301210,0.919219970703125,0.6405430039193933
1590192601909975808,/data1/user/data/2026.05.10_机狗二次数据采集结果_标定/image/res_dinov3_whole/1590192601909975808_mask_id.png,/data1/user/data/2026.05.10_机狗二次数据采集结果_标定/image/res_robotdog_distill_midterm/1590192601909975808_mask_id.png,327680,303214,0.925335693359375,0.733866673733402
1590192602009809920,/data1/user/data/2026.05.10_机狗二次数据采集结果_标定/image/res_dinov3_whole/1590192602009809920_mask_id.png,/data1/user/data/2026.05.10_机狗二次数据采集结果_标定/image/res_robotdog_distill_midterm/1590192602009809920_mask_id.png,327680,296924,0.90614013671875,0.648284176571286
1590192602109644800,/data1/user/data/2026.05.10_机狗二次数据采集结果_标定/image/res_dinov3_whole/1590192602109644800_mask_id.png,/data1/user/data/2026.05.10_机狗二次数据采集结果_标定/image/res_robotdog_distill_midterm/1590192602109644800_mask_id.png,327680,292857,0.8937286376953125,0.6334161531378287
1590192602209493760,/data1/user/data/2026.05.10_机狗二次数据采集结果_标定/image/res_dinov3_whole/1590192602209493760_mask_id.png,/data1/user/data/2026.05.10_机狗二次数据采集结果_标定/image/res_robotdog_distill_midterm/1590192602209493760_mask_id.png,327680,301274,0.919415283203125,0.7544986449361447
1590192602309336064,/data1/user/data/2026.05.10_机狗二次数据采集结果_标定/image/res_dinov3_whole/1590192602309336064_mask_id.png,/data1/user/data/2026.05.10_机狗二次数据采集结果_标定/image/res_robotdog_distill_midterm/1590192602309336064_mask_id.png,327680,298109,0.9097564697265625,0.6061016153867806
1590192602409969920,/data1/user/data/2026.05.10_机狗二次数据采集结果_标定/image/res_dinov3_whole/1590192602409969920_mask_id.png,/data1/user/data/2026.05.10_机狗二次数据采集结果_标定/image/res_robotdog_distill_midterm/1590192602409969920_mask_id.png,327680,301359,0.9196746826171875,0.5643600919439301
1590192602509813760,/data1/user/data/2026.05.10_机狗二次数据采集结果_标定/image/res_dinov3_whole/1590192602509813760_mask_id.png,/data1/user/data/2026.05.10_机狗二次数据采集结果_标定/image/res_robotdog_distill_midterm/1590192602509813760_mask_id.png,327680,300809,0.9179962158203125,0.6131250662654278
1590192602609660928,/data1/user/data/2026.05.10_机狗二次数据采集结果_标定/image/res_dinov3_whole/1590192602609660928_mask_id.png,/data1/user/data/2026.05.10_机狗二次数据采集结果_标定/image/res_robotdog_distill_midterm/1590192602609660928_mask_id.png,327680,289292,0.88284912109375,0.6089874204322561
1590192602709511936,/data1/user/data/2026.05.10_机狗二次数据采集结果_标定/image/res_dinov3_whole/1590192602709511936_mask_id.png,/data1/user/data/2026.05.10_机狗二次数据采集结果_标定/image/res_robotdog_distill_midterm/1590192602709511936_mask_id.png,327680,304125,0.9281158447265625,0.7180538153608118
1590192602809346816,/data1/user/data/2026.05.10_机狗二次数据采集结果_标定/image/res_dinov3_whole/1590192602809346816_mask_id.png,/data1/user/data/2026.05.10_机狗二次数据采集结果_标定/image/res_robotdog_distill_midterm/1590192602809346816_mask_id.png,327680,282455,0.8619842529296875,0.6234015983162136
1590192602909990912,/data1/user/data/2026.05.10_机狗二次数据采集结果_标定/image/res_dinov3_whole/1590192602909990912_mask_id.png,/data1/user/data/2026.05.10_机狗二次数据采集结果_标定/image/res_robotdog_distill_midterm/1590192602909990912_mask_id.png,327680,298802,0.911871337890625,0.7233106535992728
1590192603209515776,/data1/user/data/2026.05.10_机狗二次数据采集结果_标定/image/res_dinov3_whole/1590192603209515776_mask_id.png,/data1/user/data/2026.05.10_机狗二次数据采集结果_标定/image/res_robotdog_distill_midterm/1590192603209515776_mask_id.png,327680,312567,0.9538787841796875,0.7691311371799116
1590192603309344000,/data1/user/data/2026.05.10_机狗二次数据采集结果_标定/image/res_dinov3_whole/1590192603309344000_mask_id.png,/data1/user/data/2026.05.10_机狗二次数据采集结果_标定/image/res_robotdog_distill_midterm/1590192603309344000_mask_id.png,327680,315657,0.9633087158203125,0.8953680952147846
1590192603409973760,/data1/user/data/2026.05.10_机狗二次数据采集结果_标定/image/res_dinov3_whole/1590192603409973760_mask_id.png,/data1/user/data/2026.05.10_机狗二次数据采集结果_标定/image/res_robotdog_distill_midterm/1590192603409973760_mask_id.png,327680,314319,0.9592254638671875,0.7656708651488713
1590192603509803776,/data1/user/data/2026.05.10_机狗二次数据采集结果_标定/image/res_dinov3_whole/1590192603509803776_mask_id.png,/data1/user/data/2026.05.10_机狗二次数据采集结果_标定/image/res_robotdog_distill_midterm/1590192603509803776_mask_id.png,327680,303001,0.9246856689453125,0.7197409481309329
1590192603609650944,/data1/user/data/2026.05.10_机狗二次数据采集结果_标定/image/res_dinov3_whole/1590192603609650944_mask_id.png,/data1/user/data/2026.05.10_机狗二次数据采集结果_标定/image/res_robotdog_distill_midterm/1590192603609650944_mask_id.png,327680,311312,0.950048828125,0.6506248987517682
1590192603709502976,/data1/user/data/2026.05.10_机狗二次数据采集结果_标定/image/res_dinov3_whole/1590192603709502976_mask_id.png,/data1/user/data/2026.05.10_机狗二次数据采集结果_标定/image/res_robotdog_distill_midterm/1590192603709502976_mask_id.png,327680,307266,0.937701416015625,0.6433101527084897
1590192603809344768,/data1/user/data/2026.05.10_机狗二次数据采集结果_标定/image/res_dinov3_whole/1590192603809344768_mask_id.png,/data1/user/data/2026.05.10_机狗二次数据采集结果_标定/image/res_robotdog_distill_midterm/1590192603809344768_mask_id.png,327680,313022,0.955267333984375,0.5891586357724968
1590192603909974784,/data1/user/data/2026.05.10_机狗二次数据采集结果_标定/image/res_dinov3_whole/1590192603909974784_mask_id.png,/data1/user/data/2026.05.10_机狗二次数据采集结果_标定/image/res_robotdog_distill_midterm/1590192603909974784_mask_id.png,327680,311046,0.949237060546875,0.6503136150365351
1590192604009819904,/data1/user/data/2026.05.10_机狗二次数据采集结果_标定/image/res_dinov3_whole/1590192604009819904_mask_id.png,/data1/user/data/2026.05.10_机狗二次数据采集结果_标定/image/res_robotdog_distill_midterm/1590192604009819904_mask_id.png,327680,309210,0.943634033203125,0.6407634107269057
1590192604109651968,/data1/user/data/2026.05.10_机狗二次数据采集结果_标定/image/res_dinov3_whole/1590192604109651968_mask_id.png,/data1/user/data/2026.05.10_机狗二次数据采集结果_标定/image/res_robotdog_distill_midterm/1590192604109651968_mask_id.png,327680,313432,0.9565185546875,0.7520764199305506
1590192604209493760,/data1/user/data/2026.05.10_机狗二次数据采集结果_标定/image/res_dinov3_whole/1590192604209493760_mask_id.png,/data1/user/data/2026.05.10_机狗二次数据采集结果_标定/image/res_robotdog_distill_midterm/1590192604209493760_mask_id.png,327680,314758,0.960565185546875,0.6068413646284075
1590192604309324800,/data1/user/data/2026.05.10_机狗二次数据采集结果_标定/image/res_dinov3_whole/1590192604309324800_mask_id.png,/data1/user/data/2026.05.10_机狗二次数据采集结果_标定/image/res_robotdog_distill_midterm/1590192604309324800_mask_id.png,327680,314010,0.958282470703125,0.5699100112691932
1590192604409958912,/data1/user/data/2026.05.10_机狗二次数据采集结果_标定/image/res_dinov3_whole/1590192604409958912_mask_id.png,/data1/user/data/2026.05.10_机狗二次数据采集结果_标定/image/res_robotdog_distill_midterm/1590192604409958912_mask_id.png,327680,316478,0.965814208984375,0.6411704126020634
1590192604509803776,/data1/user/data/2026.05.10_机狗二次数据采集结果_标定/image/res_dinov3_whole/1590192604509803776_mask_id.png,/data1/user/data/2026.05.10_机狗二次数据采集结果_标定/image/res_robotdog_distill_midterm/1590192604509803776_mask_id.png,327680,268243,0.8186126708984375,0.5469355156055309
1590192604609646848,/data1/user/data/2026.05.10_机狗二次数据采集结果_标定/image/res_dinov3_whole/1590192604609646848_mask_id.png,/data1/user/data/2026.05.10_机狗二次数据采集结果_标定/image/res_robotdog_distill_midterm/1590192604609646848_mask_id.png,327680,315289,0.9621856689453125,0.5970640348743049
1590192604709481984,/data1/user/data/2026.05.10_机狗二次数据采集结果_标定/image/res_dinov3_whole/1590192604709481984_mask_id.png,/data1/user/data/2026.05.10_机狗二次数据采集结果_标定/image/res_robotdog_distill_midterm/1590192604709481984_mask_id.png,327680,313606,0.957049560546875,0.6327058710785948
1590192604809329152,/data1/user/data/2026.05.10_机狗二次数据采集结果_标定/image/res_dinov3_whole/1590192604809329152_mask_id.png,/data1/user/data/2026.05.10_机狗二次数据采集结果_标定/image/res_robotdog_distill_midterm/1590192604809329152_mask_id.png,327680,285770,0.872100830078125,0.6256810192962377
1590192604909986816,/data1/user/data/2026.05.10_机狗二次数据采集结果_标定/image/res_dinov3_whole/1590192604909986816_mask_id.png,/data1/user/data/2026.05.10_机狗二次数据采集结果_标定/image/res_robotdog_distill_midterm/1590192604909986816_mask_id.png,327680,275368,0.8403564453125,0.5529223154269872
1590192605009828864,/data1/user/data/2026.05.10_机狗二次数据采集结果_标定/image/res_dinov3_whole/1590192605009828864_mask_id.png,/data1/user/data/2026.05.10_机狗二次数据采集结果_标定/image/res_robotdog_distill_midterm/1590192605009828864_mask_id.png,327680,312956,0.95506591796875,0.6197515813033092
1590192605109690880,/data1/user/data/2026.05.10_机狗二次数据采集结果_标定/image/res_dinov3_whole/1590192605109690880_mask_id.png,/data1/user/data/2026.05.10_机狗二次数据采集结果_标定/image/res_robotdog_distill_midterm/1590192605109690880_mask_id.png,327680,315831,0.9638397216796875,0.7314825561282124
1590192605209518848,/data1/user/data/2026.05.10_机狗二次数据采集结果_标定/image/res_dinov3_whole/1590192605209518848_mask_id.png,/data1/user/data/2026.05.10_机狗二次数据采集结果_标定/image/res_robotdog_distill_midterm/1590192605209518848_mask_id.png,327680,269269,0.8217437744140625,0.5637211355358408
1590192605309371904,/data1/user/data/2026.05.10_机狗二次数据采集结果_标定/image/res_dinov3_whole/1590192605309371904_mask_id.png,/data1/user/data/2026.05.10_机狗二次数据采集结果_标定/image/res_robotdog_distill_midterm/1590192605309371904_mask_id.png,327680,268400,0.819091796875,0.5964125809935729
1590192605409614848,/data1/user/data/2026.05.10_机狗二次数据采集结果_标定/image/res_dinov3_whole/1590192605409614848_mask_id.png,/data1/user/data/2026.05.10_机狗二次数据采集结果_标定/image/res_robotdog_distill_midterm/1590192605409614848_mask_id.png,327680,309679,0.9450653076171875,0.6855328966661349
1590192605509460992,/data1/user/data/2026.05.10_机狗二次数据采集结果_标定/image/res_dinov3_whole/1590192605509460992_mask_id.png,/data1/user/data/2026.05.10_机狗二次数据采集结果_标定/image/res_robotdog_distill_midterm/1590192605509460992_mask_id.png,327680,272371,0.8312103271484375,0.4969350083020805
1590192605609293824,/data1/user/data/2026.05.10_机狗二次数据采集结果_标定/image/res_dinov3_whole/1590192605609293824_mask_id.png,/data1/user/data/2026.05.10_机狗二次数据采集结果_标定/image/res_robotdog_distill_midterm/1590192605609293824_mask_id.png,327680,315040,0.96142578125,0.6994007423778836
1590192605709931776,/data1/user/data/2026.05.10_机狗二次数据采集结果_标定/image/res_dinov3_whole/1590192605709931776_mask_id.png,/data1/user/data/2026.05.10_机狗二次数据采集结果_标定/image/res_robotdog_distill_midterm/1590192605709931776_mask_id.png,327680,314719,0.9604461669921875,0.6584157091543047
1590192605809768960,/data1/user/data/2026.05.10_机狗二次数据采集结果_标定/image/res_dinov3_whole/1590192605809768960_mask_id.png,/data1/user/data/2026.05.10_机狗二次数据采集结果_标定/image/res_robotdog_distill_midterm/1590192605809768960_mask_id.png,327680,313636,0.95714111328125,0.629194862233139
1590192605909600768,/data1/user/data/2026.05.10_机狗二次数据采集结果_标定/image/res_dinov3_whole/1590192605909600768_mask_id.png,/data1/user/data/2026.05.10_机狗二次数据采集结果_标定/image/res_robotdog_distill_midterm/1590192605909600768_mask_id.png,327680,312721,0.9543487548828125,0.6411648922752774
1590192606009438976,/data1/user/data/2026.05.10_机狗二次数据采集结果_标定/image/res_dinov3_whole/1590192606009438976_mask_id.png,/data1/user/data/2026.05.10_机狗二次数据采集结果_标定/image/res_robotdog_distill_midterm/1590192606009438976_mask_id.png,327680,316041,0.9644805908203125,0.7545535926556262
1590192606109295872,/data1/user/data/2026.05.10_机狗二次数据采集结果_标定/image/res_dinov3_whole/1590192606109295872_mask_id.png,/data1/user/data/2026.05.10_机狗二次数据采集结果_标定/image/res_robotdog_distill_midterm/1590192606109295872_mask_id.png,327680,302571,0.9233734130859375,0.5055472204036175
1590192606209935872,/data1/user/data/2026.05.10_机狗二次数据采集结果_标定/image/res_dinov3_whole/1590192606209935872_mask_id.png,/data1/user/data/2026.05.10_机狗二次数据采集结果_标定/image/res_robotdog_distill_midterm/1590192606209935872_mask_id.png,327680,315218,0.961968994140625,0.6142430076205837
1590192606309769984,/data1/user/data/2026.05.10_机狗二次数据采集结果_标定/image/res_dinov3_whole/1590192606309769984_mask_id.png,/data1/user/data/2026.05.10_机狗二次数据采集结果_标定/image/res_robotdog_distill_midterm/1590192606309769984_mask_id.png,327680,310875,0.9487152099609375,0.5561883448221312
1590192606409606912,/data1/user/data/2026.05.10_机狗二次数据采集结果_标定/image/res_dinov3_whole/1590192606409606912_mask_id.png,/data1/user/data/2026.05.10_机狗二次数据采集结果_标定/image/res_robotdog_distill_midterm/1590192606409606912_mask_id.png,327680,291867,0.8907073974609375,0.6234645451138144
1590192606809366784,/data1/user/data/2026.05.10_机狗二次数据采集结果_标定/image/res_dinov3_whole/1590192606809366784_mask_id.png,/data1/user/data/2026.05.10_机狗二次数据采集结果_标定/image/res_robotdog_distill_midterm/1590192606809366784_mask_id.png,327680,289293,0.8828521728515625,0.5598164579010076
1590192606909604864,/data1/user/data/2026.05.10_机狗二次数据采集结果_标定/image/res_dinov3_whole/1590192606909604864_mask_id.png,/data1/user/data/2026.05.10_机狗二次数据采集结果_标定/image/res_robotdog_distill_midterm/1590192606909604864_mask_id.png,327680,316359,0.9654510498046875,0.7857937210974802
1590192607109287936,/data1/user/data/2026.05.10_机狗二次数据采集结果_标定/image/res_dinov3_whole/1590192607109287936_mask_id.png,/data1/user/data/2026.05.10_机狗二次数据采集结果_标定/image/res_robotdog_distill_midterm/1590192607109287936_mask_id.png,327680,306469,0.9352691650390625,0.6472605472662409
1590192607209923840,/data1/user/data/2026.05.10_机狗二次数据采集结果_标定/image/res_dinov3_whole/1590192607209923840_mask_id.png,/data1/user/data/2026.05.10_机狗二次数据采集结果_标定/image/res_robotdog_distill_midterm/1590192607209923840_mask_id.png,327680,312080,0.952392578125,0.746904568354927
1590192607309763840,/data1/user/data/2026.05.10_机狗二次数据采集结果_标定/image/res_dinov3_whole/1590192607309763840_mask_id.png,/data1/user/data/2026.05.10_机狗二次数据采集结果_标定/image/res_robotdog_distill_midterm/1590192607309763840_mask_id.png,327680,298505,0.9109649658203125,0.5455804551424444
1590192607409592832,/data1/user/data/2026.05.10_机狗二次数据采集结果_标定/image/res_dinov3_whole/1590192607409592832_mask_id.png,/data1/user/data/2026.05.10_机狗二次数据采集结果_标定/image/res_robotdog_distill_midterm/1590192607409592832_mask_id.png,327680,300246,0.916278076171875,0.6271737563884604
1590192607509430784,/data1/user/data/2026.05.10_机狗二次数据采集结果_标定/image/res_dinov3_whole/1590192607509430784_mask_id.png,/data1/user/data/2026.05.10_机狗二次数据采集结果_标定/image/res_robotdog_distill_midterm/1590192607509430784_mask_id.png,327680,290762,0.887335205078125,0.5768912774434949
1590192607609281792,/data1/user/data/2026.05.10_机狗二次数据采集结果_标定/image/res_dinov3_whole/1590192607609281792_mask_id.png,/data1/user/data/2026.05.10_机狗二次数据采集结果_标定/image/res_robotdog_distill_midterm/1590192607609281792_mask_id.png,327680,299858,0.915093994140625,0.49310447243549593
1590192607709922816,/data1/user/data/2026.05.10_机狗二次数据采集结果_标定/image/res_dinov3_whole/1590192607709922816_mask_id.png,/data1/user/data/2026.05.10_机狗二次数据采集结果_标定/image/res_robotdog_distill_midterm/1590192607709922816_mask_id.png,327680,287570,0.877593994140625,0.4956418412349122
1590192607809765888,/data1/user/data/2026.05.10_机狗二次数据采集结果_标定/image/res_dinov3_whole/1590192607809765888_mask_id.png,/data1/user/data/2026.05.10_机狗二次数据采集结果_标定/image/res_robotdog_distill_midterm/1590192607809765888_mask_id.png,327680,297287,0.9072479248046875,0.5638498148903242
1590192607909603840,/data1/user/data/2026.05.10_机狗二次数据采集结果_标定/image/res_dinov3_whole/1590192607909603840_mask_id.png,/data1/user/data/2026.05.10_机狗二次数据采集结果_标定/image/res_robotdog_distill_midterm/1590192607909603840_mask_id.png,327680,300704,0.91767578125,0.703106260152047
1590192608009442816,/data1/user/data/2026.05.10_机狗二次数据采集结果_标定/image/res_dinov3_whole/1590192608009442816_mask_id.png,/data1/user/data/2026.05.10_机狗二次数据采集结果_标定/image/res_robotdog_distill_midterm/1590192608009442816_mask_id.png,327680,290607,0.8868621826171875,0.693510275196712
1590192608109280000,/data1/user/data/2026.05.10_机狗二次数据采集结果_标定/image/res_dinov3_whole/1590192608109280000_mask_id.png,/data1/user/data/2026.05.10_机狗二次数据采集结果_标定/image/res_robotdog_distill_midterm/1590192608109280000_mask_id.png,327680,286898,0.875543212890625,0.5297310214561806
1590192608209913856,/data1/user/data/2026.05.10_机狗二次数据采集结果_标定/image/res_dinov3_whole/1590192608209913856_mask_id.png,/data1/user/data/2026.05.10_机狗二次数据采集结果_标定/image/res_robotdog_distill_midterm/1590192608209913856_mask_id.png,327680,312097,0.9524444580078125,0.71624039371276
1590192608309760768,/data1/user/data/2026.05.10_机狗二次数据采集结果_标定/image/res_dinov3_whole/1590192608309760768_mask_id.png,/data1/user/data/2026.05.10_机狗二次数据采集结果_标定/image/res_robotdog_distill_midterm/1590192608309760768_mask_id.png,327680,295924,0.90308837890625,0.6307665839884434
1590192608409589760,/data1/user/data/2026.05.10_机狗二次数据采集结果_标定/image/res_dinov3_whole/1590192608409589760_mask_id.png,/data1/user/data/2026.05.10_机狗二次数据采集结果_标定/image/res_robotdog_distill_midterm/1590192608409589760_mask_id.png,327680,290780,0.88739013671875,0.6902083614033955
1590192608509424896,/data1/user/data/2026.05.10_机狗二次数据采集结果_标定/image/res_dinov3_whole/1590192608509424896_mask_id.png,/data1/user/data/2026.05.10_机狗二次数据采集结果_标定/image/res_robotdog_distill_midterm/1590192608509424896_mask_id.png,327680,303343,0.9257293701171875,0.6863749820257613
1590192608609663744,/data1/user/data/2026.05.10_机狗二次数据采集结果_标定/image/res_dinov3_whole/1590192608609663744_mask_id.png,/data1/user/data/2026.05.10_机狗二次数据采集结果_标定/image/res_robotdog_distill_midterm/1590192608609663744_mask_id.png,327680,308371,0.9410736083984375,0.7690238628604384
1590192608709492992,/data1/user/data/2026.05.10_机狗二次数据采集结果_标定/image/res_dinov3_whole/1590192608709492992_mask_id.png,/data1/user/data/2026.05.10_机狗二次数据采集结果_标定/image/res_robotdog_distill_midterm/1590192608709492992_mask_id.png,327680,312188,0.95272216796875,0.5598038095777967
1590192608809323776,/data1/user/data/2026.05.10_机狗二次数据采集结果_标定/image/res_dinov3_whole/1590192608809323776_mask_id.png,/data1/user/data/2026.05.10_机狗二次数据采集结果_标定/image/res_robotdog_distill_midterm/1590192608809323776_mask_id.png,327680,300064,0.91572265625,0.4934525837948295
1590192608909959936,/data1/user/data/2026.05.10_机狗二次数据采集结果_标定/image/res_dinov3_whole/1590192608909959936_mask_id.png,/data1/user/data/2026.05.10_机狗二次数据采集结果_标定/image/res_robotdog_distill_midterm/1590192608909959936_mask_id.png,327680,310878,0.948724365234375,0.46542219478028446
1590192609109646848,/data1/user/data/2026.05.10_机狗二次数据采集结果_标定/image/res_dinov3_whole/1590192609109646848_mask_id.png,/data1/user/data/2026.05.10_机狗二次数据采集结果_标定/image/res_robotdog_distill_midterm/1590192609109646848_mask_id.png,327680,277962,0.848272705078125,0.6356662167364064
1590192609209473792,/data1/user/data/2026.05.10_机狗二次数据采集结果_标定/image/res_dinov3_whole/1590192609209473792_mask_id.png,/data1/user/data/2026.05.10_机狗二次数据采集结果_标定/image/res_robotdog_distill_midterm/1590192609209473792_mask_id.png,327680,311722,0.951300048828125,0.4885659864635708
1590192609409956864,/data1/user/data/2026.05.10_机狗二次数据采集结果_标定/image/res_dinov3_whole/1590192609409956864_mask_id.png,/data1/user/data/2026.05.10_机狗二次数据采集结果_标定/image/res_robotdog_distill_midterm/1590192609409956864_mask_id.png,327680,317235,0.9681243896484375,0.7403835460912217
1590192609509822976,/data1/user/data/2026.05.10_机狗二次数据采集结果_标定/image/res_dinov3_whole/1590192609509822976_mask_id.png,/data1/user/data/2026.05.10_机狗二次数据采集结果_标定/image/res_robotdog_distill_midterm/1590192609509822976_mask_id.png,327680,296641,0.9052764892578125,0.6172721073226881
1590192609909987840,/data1/user/data/2026.05.10_机狗二次数据采集结果_标定/image/res_dinov3_whole/1590192609909987840_mask_id.png,/data1/user/data/2026.05.10_机狗二次数据采集结果_标定/image/res_robotdog_distill_midterm/1590192609909987840_mask_id.png,327680,317017,0.9674591064453125,0.7784537136124342
1590192610109654784,/data1/user/data/2026.05.10_机狗二次数据采集结果_标定/image/res_dinov3_whole/1590192610109654784_mask_id.png,/data1/user/data/2026.05.10_机狗二次数据采集结果_标定/image/res_robotdog_distill_midterm/1590192610109654784_mask_id.png,327680,317597,0.9692291259765625,0.7595258749131653
1590192610909994240,/data1/user/data/2026.05.10_机狗二次数据采集结果_标定/image/res_dinov3_whole/1590192610909994240_mask_id.png,/data1/user/data/2026.05.10_机狗二次数据采集结果_标定/image/res_robotdog_distill_midterm/1590192610909994240_mask_id.png,327680,266405,0.8130035400390625,0.610700073925437
1590192611009838848,/data1/user/data/2026.05.10_机狗二次数据采集结果_标定/image/res_dinov3_whole/1590192611009838848_mask_id.png,/data1/user/data/2026.05.10_机狗二次数据采集结果_标定/image/res_robotdog_distill_midterm/1590192611009838848_mask_id.png,327680,316565,0.9660797119140625,0.6312732746412452
1590192611109673984,/data1/user/data/2026.05.10_机狗二次数据采集结果_标定/image/res_dinov3_whole/1590192611109673984_mask_id.png,/data1/user/data/2026.05.10_机狗二次数据采集结果_标定/image/res_robotdog_distill_midterm/1590192611109673984_mask_id.png,327680,315086,0.961566162109375,0.607721013440327
1590192611209521920,/data1/user/data/2026.05.10_机狗二次数据采集结果_标定/image/res_dinov3_whole/1590192611209521920_mask_id.png,/data1/user/data/2026.05.10_机狗二次数据采集结果_标定/image/res_robotdog_distill_midterm/1590192611209521920_mask_id.png,327680,311594,0.950909423828125,0.6170898347921233
1590192611309361920,/data1/user/data/2026.05.10_机狗二次数据采集结果_标定/image/res_dinov3_whole/1590192611309361920_mask_id.png,/data1/user/data/2026.05.10_机狗二次数据采集结果_标定/image/res_robotdog_distill_midterm/1590192611309361920_mask_id.png,327680,309457,0.9443878173828125,0.6073401893472374
1590192611409976832,/data1/user/data/2026.05.10_机狗二次数据采集结果_标定/image/res_dinov3_whole/1590192611409976832_mask_id.png,/data1/user/data/2026.05.10_机狗二次数据采集结果_标定/image/res_robotdog_distill_midterm/1590192611409976832_mask_id.png,327680,312618,0.954034423828125,0.6592880739206927
1590192611509828864,/data1/user/data/2026.05.10_机狗二次数据采集结果_标定/image/res_dinov3_whole/1590192611509828864_mask_id.png,/data1/user/data/2026.05.10_机狗二次数据采集结果_标定/image/res_robotdog_distill_midterm/1590192611509828864_mask_id.png,327680,305269,0.9316070556640625,0.5983257137059117
1590192611609669888,/data1/user/data/2026.05.10_机狗二次数据采集结果_标定/image/res_dinov3_whole/1590192611609669888_mask_id.png,/data1/user/data/2026.05.10_机狗二次数据采集结果_标定/image/res_robotdog_distill_midterm/1590192611609669888_mask_id.png,327680,308601,0.9417755126953125,0.6085733966159766
1590192611709508864,/data1/user/data/2026.05.10_机狗二次数据采集结果_标定/image/res_dinov3_whole/1590192611709508864_mask_id.png,/data1/user/data/2026.05.10_机狗二次数据采集结果_标定/image/res_robotdog_distill_midterm/1590192611709508864_mask_id.png,327680,312192,0.952734375,0.7012354786656259
1590192611809352960,/data1/user/data/2026.05.10_机狗二次数据采集结果_标定/image/res_dinov3_whole/1590192611809352960_mask_id.png,/data1/user/data/2026.05.10_机狗二次数据采集结果_标定/image/res_robotdog_distill_midterm/1590192611809352960_mask_id.png,327680,310072,0.9462646484375,0.6776035488644111
1590192611909988864,/data1/user/data/2026.05.10_机狗二次数据采集结果_标定/image/res_dinov3_whole/1590192611909988864_mask_id.png,/data1/user/data/2026.05.10_机狗二次数据采集结果_标定/image/res_robotdog_distill_midterm/1590192611909988864_mask_id.png,327680,311927,0.9519256591796875,0.678692041435002
1590192612009819904,/data1/user/data/2026.05.10_机狗二次数据采集结果_标定/image/res_dinov3_whole/1590192612009819904_mask_id.png,/data1/user/data/2026.05.10_机狗二次数据采集结果_标定/image/res_robotdog_distill_midterm/1590192612009819904_mask_id.png,327680,296690,0.905426025390625,0.5505273743191214
1590192612109664000,/data1/user/data/2026.05.10_机狗二次数据采集结果_标定/image/res_dinov3_whole/1590192612109664000_mask_id.png,/data1/user/data/2026.05.10_机狗二次数据采集结果_标定/image/res_robotdog_distill_midterm/1590192612109664000_mask_id.png,327680,297883,0.9090667724609375,0.7107124646554219
1590192612209513984,/data1/user/data/2026.05.10_机狗二次数据采集结果_标定/image/res_dinov3_whole/1590192612209513984_mask_id.png,/data1/user/data/2026.05.10_机狗二次数据采集结果_标定/image/res_robotdog_distill_midterm/1590192612209513984_mask_id.png,327680,302483,0.9231048583984375,0.5858337373377891
1590192612309336832,/data1/user/data/2026.05.10_机狗二次数据采集结果_标定/image/res_dinov3_whole/1590192612309336832_mask_id.png,/data1/user/data/2026.05.10_机狗二次数据采集结果_标定/image/res_robotdog_distill_midterm/1590192612309336832_mask_id.png,327680,305197,0.9313873291015625,0.5737338645989368
1590192612409969920,/data1/user/data/2026.05.10_机狗二次数据采集结果_标定/image/res_dinov3_whole/1590192612409969920_mask_id.png,/data1/user/data/2026.05.10_机狗二次数据采集结果_标定/image/res_robotdog_distill_midterm/1590192612409969920_mask_id.png,327680,293380,0.89532470703125,0.5887986633977281
1590192612509799936,/data1/user/data/2026.05.10_机狗二次数据采集结果_标定/image/res_dinov3_whole/1590192612509799936_mask_id.png,/data1/user/data/2026.05.10_机狗二次数据采集结果_标定/image/res_robotdog_distill_midterm/1590192612509799936_mask_id.png,327680,312420,0.95343017578125,0.6752582156949009
1590192612609637888,/data1/user/data/2026.05.10_机狗二次数据采集结果_标定/image/res_dinov3_whole/1590192612609637888_mask_id.png,/data1/user/data/2026.05.10_机狗二次数据采集结果_标定/image/res_robotdog_distill_midterm/1590192612609637888_mask_id.png,327680,312818,0.954644775390625,0.706833642312417
1590192612709473792,/data1/user/data/2026.05.10_机狗二次数据采集结果_标定/image/res_dinov3_whole/1590192612709473792_mask_id.png,/data1/user/data/2026.05.10_机狗二次数据采集结果_标定/image/res_robotdog_distill_midterm/1590192612709473792_mask_id.png,327680,313796,0.95762939453125,0.6100736173207153
1590192612809308928,/data1/user/data/2026.05.10_机狗二次数据采集结果_标定/image/res_dinov3_whole/1590192612809308928_mask_id.png,/data1/user/data/2026.05.10_机狗二次数据采集结果_标定/image/res_robotdog_distill_midterm/1590192612809308928_mask_id.png,327680,307414,0.938153076171875,0.6001337143308019
1590192612909958912,/data1/user/data/2026.05.10_机狗二次数据采集结果_标定/image/res_dinov3_whole/1590192612909958912_mask_id.png,/data1/user/data/2026.05.10_机狗二次数据采集结果_标定/image/res_robotdog_distill_midterm/1590192612909958912_mask_id.png,327680,312904,0.9549072265625,0.7583817166988454
1590192613009783808,/data1/user/data/2026.05.10_机狗二次数据采集结果_标定/image/res_dinov3_whole/1590192613009783808_mask_id.png,/data1/user/data/2026.05.10_机狗二次数据采集结果_标定/image/res_robotdog_distill_midterm/1590192613009783808_mask_id.png,327680,315138,0.961724853515625,0.7867836638516611
1590192613109621760,/data1/user/data/2026.05.10_机狗二次数据采集结果_标定/image/res_dinov3_whole/1590192613109621760_mask_id.png,/data1/user/data/2026.05.10_机狗二次数据采集结果_标定/image/res_robotdog_distill_midterm/1590192613109621760_mask_id.png,327680,316919,0.9671600341796875,0.8166008234032984
1590192613209441792,/data1/user/data/2026.05.10_机狗二次数据采集结果_标定/image/res_dinov3_whole/1590192613209441792_mask_id.png,/data1/user/data/2026.05.10_机狗二次数据采集结果_标定/image/res_robotdog_distill_midterm/1590192613209441792_mask_id.png,327680,313431,0.9565155029296875,0.8448858850062884
1590192613309280000,/data1/user/data/2026.05.10_机狗二次数据采集结果_标定/image/res_dinov3_whole/1590192613309280000_mask_id.png,/data1/user/data/2026.05.10_机狗二次数据采集结果_标定/image/res_robotdog_distill_midterm/1590192613309280000_mask_id.png,327680,315197,0.9619049072265625,0.7272515488942554
1590192613409930752,/data1/user/data/2026.05.10_机狗二次数据采集结果_标定/image/res_dinov3_whole/1590192613409930752_mask_id.png,/data1/user/data/2026.05.10_机狗二次数据采集结果_标定/image/res_robotdog_distill_midterm/1590192613409930752_mask_id.png,327680,315174,0.961834716796875,0.8342098873935063
1590192613509777920,/data1/user/data/2026.05.10_机狗二次数据采集结果_标定/image/res_dinov3_whole/1590192613509777920_mask_id.png,/data1/user/data/2026.05.10_机狗二次数据采集结果_标定/image/res_robotdog_distill_midterm/1590192613509777920_mask_id.png,327680,313988,0.95821533203125,0.7954584640077715
1590192613609620992,/data1/user/data/2026.05.10_机狗二次数据采集结果_标定/image/res_dinov3_whole/1590192613609620992_mask_id.png,/data1/user/data/2026.05.10_机狗二次数据采集结果_标定/image/res_robotdog_distill_midterm/1590192613609620992_mask_id.png,327680,310592,0.9478515625,0.551738090247708
1590192613709453824,/data1/user/data/2026.05.10_机狗二次数据采集结果_标定/image/res_dinov3_whole/1590192613709453824_mask_id.png,/data1/user/data/2026.05.10_机狗二次数据采集结果_标定/image/res_robotdog_distill_midterm/1590192613709453824_mask_id.png,327680,313511,0.9567596435546875,0.6127375340493023
1590192613809295872,/data1/user/data/2026.05.10_机狗二次数据采集结果_标定/image/res_dinov3_whole/1590192613809295872_mask_id.png,/data1/user/data/2026.05.10_机狗二次数据采集结果_标定/image/res_robotdog_distill_midterm/1590192613809295872_mask_id.png,327680,317379,0.9685638427734375,0.6970103756385179
1590192614009754880,/data1/user/data/2026.05.10_机狗二次数据采集结果_标定/image/res_dinov3_whole/1590192614009754880_mask_id.png,/data1/user/data/2026.05.10_机狗二次数据采集结果_标定/image/res_robotdog_distill_midterm/1590192614009754880_mask_id.png,327680,315586,0.963092041015625,0.8010822856165177
1590192614109600000,/data1/user/data/2026.05.10_机狗二次数据采集结果_标定/image/res_dinov3_whole/1590192614109600000_mask_id.png,/data1/user/data/2026.05.10_机狗二次数据采集结果_标定/image/res_robotdog_distill_midterm/1590192614109600000_mask_id.png,327680,317083,0.9676605224609375,0.8645317084942195
1590192614209433856,/data1/user/data/2026.05.10_机狗二次数据采集结果_标定/image/res_dinov3_whole/1590192614209433856_mask_id.png,/data1/user/data/2026.05.10_机狗二次数据采集结果_标定/image/res_robotdog_distill_midterm/1590192614209433856_mask_id.png,327680,316711,0.9665252685546875,0.7955216089666087
1590192614609599744,/data1/user/data/2026.05.10_机狗二次数据采集结果_标定/image/res_dinov3_whole/1590192614609599744_mask_id.png,/data1/user/data/2026.05.10_机狗二次数据采集结果_标定/image/res_robotdog_distill_midterm/1590192614609599744_mask_id.png,327680,316222,0.965032958984375,0.7281063510556046
1590192614709446912,/data1/user/data/2026.05.10_机狗二次数据采集结果_标定/image/res_dinov3_whole/1590192614709446912_mask_id.png,/data1/user/data/2026.05.10_机狗二次数据采集结果_标定/image/res_robotdog_distill_midterm/1590192614709446912_mask_id.png,327680,317231,0.9681121826171875,0.7557382085237088
1590192614909943808,/data1/user/data/2026.05.10_机狗二次数据采集结果_标定/image/res_dinov3_whole/1590192614909943808_mask_id.png,/data1/user/data/2026.05.10_机狗二次数据采集结果_标定/image/res_robotdog_distill_midterm/1590192614909943808_mask_id.png,327680,316709,0.9665191650390625,0.7267002336399374
1590192615109611776,/data1/user/data/2026.05.10_机狗二次数据采集结果_标定/image/res_dinov3_whole/1590192615109611776_mask_id.png,/data1/user/data/2026.05.10_机狗二次数据采集结果_标定/image/res_robotdog_distill_midterm/1590192615109611776_mask_id.png,327680,312460,0.95355224609375,0.7389385557197116
1590192615309294848,/data1/user/data/2026.05.10_机狗二次数据采集结果_标定/image/res_dinov3_whole/1590192615309294848_mask_id.png,/data1/user/data/2026.05.10_机狗二次数据采集结果_标定/image/res_robotdog_distill_midterm/1590192615309294848_mask_id.png,327680,316019,0.9644134521484375,0.6961007858194811
1590192615409922816,/data1/user/data/2026.05.10_机狗二次数据采集结果_标定/image/res_dinov3_whole/1590192615409922816_mask_id.png,/data1/user/data/2026.05.10_机狗二次数据采集结果_标定/image/res_robotdog_distill_midterm/1590192615409922816_mask_id.png,327680,307137,0.9373077392578125,0.722108528731016
1590192615509761792,/data1/user/data/2026.05.10_机狗二次数据采集结果_标定/image/res_dinov3_whole/1590192615509761792_mask_id.png,/data1/user/data/2026.05.10_机狗二次数据采集结果_标定/image/res_robotdog_distill_midterm/1590192615509761792_mask_id.png,327680,310729,0.9482696533203125,0.733647988485858
1590192615609597952,/data1/user/data/2026.05.10_机狗二次数据采集结果_标定/image/res_dinov3_whole/1590192615609597952_mask_id.png,/data1/user/data/2026.05.10_机狗二次数据采集结果_标定/image/res_robotdog_distill_midterm/1590192615609597952_mask_id.png,327680,311344,0.950146484375,0.6121968803030206
1590192615709438976,/data1/user/data/2026.05.10_机狗二次数据采集结果_标定/image/res_dinov3_whole/1590192615709438976_mask_id.png,/data1/user/data/2026.05.10_机狗二次数据采集结果_标定/image/res_robotdog_distill_midterm/1590192615709438976_mask_id.png,327680,306604,0.93568115234375,0.6695874083638377
1590192615809668864,/data1/user/data/2026.05.10_机狗二次数据采集结果_标定/image/res_dinov3_whole/1590192615809668864_mask_id.png,/data1/user/data/2026.05.10_机狗二次数据采集结果_标定/image/res_robotdog_distill_midterm/1590192615809668864_mask_id.png,327680,315464,0.9627197265625,0.5855978194976404
1590192615909504768,/data1/user/data/2026.05.10_机狗二次数据采集结果_标定/image/res_dinov3_whole/1590192615909504768_mask_id.png,/data1/user/data/2026.05.10_机狗二次数据采集结果_标定/image/res_robotdog_distill_midterm/1590192615909504768_mask_id.png,327680,311278,0.949945068359375,0.5822122399662303
1590192616009336832,/data1/user/data/2026.05.10_机狗二次数据采集结果_标定/image/res_dinov3_whole/1590192616009336832_mask_id.png,/data1/user/data/2026.05.10_机狗二次数据采集结果_标定/image/res_robotdog_distill_midterm/1590192616009336832_mask_id.png,327680,310250,0.946807861328125,0.7344977603538627
1590192616109969920,/data1/user/data/2026.05.10_机狗二次数据采集结果_标定/image/res_dinov3_whole/1590192616109969920_mask_id.png,/data1/user/data/2026.05.10_机狗二次数据采集结果_标定/image/res_robotdog_distill_midterm/1590192616109969920_mask_id.png,327680,291455,0.8894500732421875,0.6362217623819311
1590192616209807872,/data1/user/data/2026.05.10_机狗二次数据采集结果_标定/image/res_dinov3_whole/1590192616209807872_mask_id.png,/data1/user/data/2026.05.10_机狗二次数据采集结果_标定/image/res_robotdog_distill_midterm/1590192616209807872_mask_id.png,327680,302879,0.9243133544921875,0.5153031216910883
1590192616309664768,/data1/user/data/2026.05.10_机狗二次数据采集结果_标定/image/res_dinov3_whole/1590192616309664768_mask_id.png,/data1/user/data/2026.05.10_机狗二次数据采集结果_标定/image/res_robotdog_distill_midterm/1590192616309664768_mask_id.png,327680,316477,0.9658111572265625,0.7675010758819705
1590192616409490944,/data1/user/data/2026.05.10_机狗二次数据采集结果_标定/image/res_dinov3_whole/1590192616409490944_mask_id.png,/data1/user/data/2026.05.10_机狗二次数据采集结果_标定/image/res_robotdog_distill_midterm/1590192616409490944_mask_id.png,327680,304190,0.928314208984375,0.7507300700756236
1590192616509327872,/data1/user/data/2026.05.10_机狗二次数据采集结果_标定/image/res_dinov3_whole/1590192616509327872_mask_id.png,/data1/user/data/2026.05.10_机狗二次数据采集结果_标定/image/res_robotdog_distill_midterm/1590192616509327872_mask_id.png,327680,314430,0.959564208984375,0.6543049797681164
1590192616609985792,/data1/user/data/2026.05.10_机狗二次数据采集结果_标定/image/res_dinov3_whole/1590192616609985792_mask_id.png,/data1/user/data/2026.05.10_机狗二次数据采集结果_标定/image/res_robotdog_distill_midterm/1590192616609985792_mask_id.png,327680,313201,0.9558135986328125,0.6637047075925306
1590192616709835776,/data1/user/data/2026.05.10_机狗二次数据采集结果_标定/image/res_dinov3_whole/1590192616709835776_mask_id.png,/data1/user/data/2026.05.10_机狗二次数据采集结果_标定/image/res_robotdog_distill_midterm/1590192616709835776_mask_id.png,327680,299371,0.9136077880859375,0.6980729468442454
1590192616909520896,/data1/user/data/2026.05.10_机狗二次数据采集结果_标定/image/res_dinov3_whole/1590192616909520896_mask_id.png,/data1/user/data/2026.05.10_机狗二次数据采集结果_标定/image/res_robotdog_distill_midterm/1590192616909520896_mask_id.png,327680,312481,0.9536163330078125,0.677161829244646
1590192617009357824,/data1/user/data/2026.05.10_机狗二次数据采集结果_标定/image/res_dinov3_whole/1590192617009357824_mask_id.png,/data1/user/data/2026.05.10_机狗二次数据采集结果_标定/image/res_robotdog_distill_midterm/1590192617009357824_mask_id.png,327680,314155,0.9587249755859375,0.573322086491077
1590192617509766912,/data1/user/data/2026.05.10_机狗二次数据采集结果_标定/image/res_dinov3_whole/1590192617509766912_mask_id.png,/data1/user/data/2026.05.10_机狗二次数据采集结果_标定/image/res_robotdog_distill_midterm/1590192617509766912_mask_id.png,327680,309162,0.943487548828125,0.7563757258008762
1590192617609610752,/data1/user/data/2026.05.10_机狗二次数据采集结果_标定/image/res_dinov3_whole/1590192617609610752_mask_id.png,/data1/user/data/2026.05.10_机狗二次数据采集结果_标定/image/res_robotdog_distill_midterm/1590192617609610752_mask_id.png,327680,311242,0.949835205078125,0.7336414871359352
1590192617809299968,/data1/user/data/2026.05.10_机狗二次数据采集结果_标定/image/res_dinov3_whole/1590192617809299968_mask_id.png,/data1/user/data/2026.05.10_机狗二次数据采集结果_标定/image/res_robotdog_distill_midterm/1590192617809299968_mask_id.png,327680,317161,0.9678985595703125,0.6797090282351259
1590192618009769984,/data1/user/data/2026.05.10_机狗二次数据采集结果_标定/image/res_dinov3_whole/1590192618009769984_mask_id.png,/data1/user/data/2026.05.10_机狗二次数据采集结果_标定/image/res_robotdog_distill_midterm/1590192618009769984_mask_id.png,327680,313460,0.95660400390625,0.6495718595679513
1590192618209456896,/data1/user/data/2026.05.10_机狗二次数据采集结果_标定/image/res_dinov3_whole/1590192618209456896_mask_id.png,/data1/user/data/2026.05.10_机狗二次数据采集结果_标定/image/res_robotdog_distill_midterm/1590192618209456896_mask_id.png,327680,315248,0.962060546875,0.6823535497492597
1590192618309304832,/data1/user/data/2026.05.10_机狗二次数据采集结果_标定/image/res_dinov3_whole/1590192618309304832_mask_id.png,/data1/user/data/2026.05.10_机狗二次数据采集结果_标定/image/res_robotdog_distill_midterm/1590192618309304832_mask_id.png,327680,306387,0.9350189208984375,0.5685023102987916
1590192618409947904,/data1/user/data/2026.05.10_机狗二次数据采集结果_标定/image/res_dinov3_whole/1590192618409947904_mask_id.png,/data1/user/data/2026.05.10_机狗二次数据采集结果_标定/image/res_robotdog_distill_midterm/1590192618409947904_mask_id.png,327680,306867,0.9364837646484375,0.7081333779591024
1590192618509798912,/data1/user/data/2026.05.10_机狗二次数据采集结果_标定/image/res_dinov3_whole/1590192618509798912_mask_id.png,/data1/user/data/2026.05.10_机狗二次数据采集结果_标定/image/res_robotdog_distill_midterm/1590192618509798912_mask_id.png,327680,273600,0.8349609375,0.48060349293323873
1590192618609655808,/data1/user/data/2026.05.10_机狗二次数据采集结果_标定/image/res_dinov3_whole/1590192618609655808_mask_id.png,/data1/user/data/2026.05.10_机狗二次数据采集结果_标定/image/res_robotdog_distill_midterm/1590192618609655808_mask_id.png,327680,297174,0.906903076171875,0.7222336080724617
1590192618709487872,/data1/user/data/2026.05.10_机狗二次数据采集结果_标定/image/res_dinov3_whole/1590192618709487872_mask_id.png,/data1/user/data/2026.05.10_机狗二次数据采集结果_标定/image/res_robotdog_distill_midterm/1590192618709487872_mask_id.png,327680,305497,0.9323028564453125,0.6414557608267439
1590192618809332992,/data1/user/data/2026.05.10_机狗二次数据采集结果_标定/image/res_dinov3_whole/1590192618809332992_mask_id.png,/data1/user/data/2026.05.10_机狗二次数据采集结果_标定/image/res_robotdog_distill_midterm/1590192618809332992_mask_id.png,327680,311584,0.95087890625,0.7241249099584406
1590192618909970944,/data1/user/data/2026.05.10_机狗二次数据采集结果_标定/image/res_dinov3_whole/1590192618909970944_mask_id.png,/data1/user/data/2026.05.10_机狗二次数据采集结果_标定/image/res_robotdog_distill_midterm/1590192618909970944_mask_id.png,327680,316311,0.9653045654296875,0.6511201122373882
1590192619009810944,/data1/user/data/2026.05.10_机狗二次数据采集结果_标定/image/res_dinov3_whole/1590192619009810944_mask_id.png,/data1/user/data/2026.05.10_机狗二次数据采集结果_标定/image/res_robotdog_distill_midterm/1590192619009810944_mask_id.png,327680,316264,0.9651611328125,0.775237385196734
1590192619109664000,/data1/user/data/2026.05.10_机狗二次数据采集结果_标定/image/res_dinov3_whole/1590192619109664000_mask_id.png,/data1/user/data/2026.05.10_机狗二次数据采集结果_标定/image/res_robotdog_distill_midterm/1590192619109664000_mask_id.png,327680,315825,0.9638214111328125,0.6235639186481446
1590192619209514752,/data1/user/data/2026.05.10_机狗二次数据采集结果_标定/image/res_dinov3_whole/1590192619209514752_mask_id.png,/data1/user/data/2026.05.10_机狗二次数据采集结果_标定/image/res_robotdog_distill_midterm/1590192619209514752_mask_id.png,327680,316904,0.9671142578125,0.6134367804949806
1590192619309352960,/data1/user/data/2026.05.10_机狗二次数据采集结果_标定/image/res_dinov3_whole/1590192619309352960_mask_id.png,/data1/user/data/2026.05.10_机狗二次数据采集结果_标定/image/res_robotdog_distill_midterm/1590192619309352960_mask_id.png,327680,310253,0.9468170166015625,0.7466809707337929
1590192619409988864,/data1/user/data/2026.05.10_机狗二次数据采集结果_标定/image/res_dinov3_whole/1590192619409988864_mask_id.png,/data1/user/data/2026.05.10_机狗二次数据采集结果_标定/image/res_robotdog_distill_midterm/1590192619409988864_mask_id.png,327680,310736,0.948291015625,0.6145106507293269
1590192619509838848,/data1/user/data/2026.05.10_机狗二次数据采集结果_标定/image/res_dinov3_whole/1590192619509838848_mask_id.png,/data1/user/data/2026.05.10_机狗二次数据采集结果_标定/image/res_robotdog_distill_midterm/1590192619509838848_mask_id.png,327680,304318,0.928704833984375,0.7298933162883084
1590192619609669888,/data1/user/data/2026.05.10_机狗二次数据采集结果_标定/image/res_dinov3_whole/1590192619609669888_mask_id.png,/data1/user/data/2026.05.10_机狗二次数据采集结果_标定/image/res_robotdog_distill_midterm/1590192619609669888_mask_id.png,327680,309988,0.94600830078125,0.7502769729469753
1590192619709514752,/data1/user/data/2026.05.10_机狗二次数据采集结果_标定/image/res_dinov3_whole/1590192619709514752_mask_id.png,/data1/user/data/2026.05.10_机狗二次数据采集结果_标定/image/res_robotdog_distill_midterm/1590192619709514752_mask_id.png,327680,296503,0.9048553466796875,0.5010934112795076
1590192619809350912,/data1/user/data/2026.05.10_机狗二次数据采集结果_标定/image/res_dinov3_whole/1590192619809350912_mask_id.png,/data1/user/data/2026.05.10_机狗二次数据采集结果_标定/image/res_robotdog_distill_midterm/1590192619809350912_mask_id.png,327680,315429,0.9626129150390625,0.6353613487279045
1590192619909994752,/data1/user/data/2026.05.10_机狗二次数据采集结果_标定/image/res_dinov3_whole/1590192619909994752_mask_id.png,/data1/user/data/2026.05.10_机狗二次数据采集结果_标定/image/res_robotdog_distill_midterm/1590192619909994752_mask_id.png,327680,309591,0.9447967529296875,0.625292068818175
1590192620009820928,/data1/user/data/2026.05.10_机狗二次数据采集结果_标定/image/res_dinov3_whole/1590192620009820928_mask_id.png,/data1/user/data/2026.05.10_机狗二次数据采集结果_标定/image/res_robotdog_distill_midterm/1590192620009820928_mask_id.png,327680,311973,0.9520660400390625,0.6799780061763232
1590192620109667840,/data1/user/data/2026.05.10_机狗二次数据采集结果_标定/image/res_dinov3_whole/1590192620109667840_mask_id.png,/data1/user/data/2026.05.10_机狗二次数据采集结果_标定/image/res_robotdog_distill_midterm/1590192620109667840_mask_id.png,327680,302346,0.922686767578125,0.7421466688824314
1590192620209513984,/data1/user/data/2026.05.10_机狗二次数据采集结果_标定/image/res_dinov3_whole/1590192620209513984_mask_id.png,/data1/user/data/2026.05.10_机狗二次数据采集结果_标定/image/res_robotdog_distill_midterm/1590192620209513984_mask_id.png,327680,313198,0.955804443359375,0.8207102237395082
1590192620409987840,/data1/user/data/2026.05.10_机狗二次数据采集结果_标定/image/res_dinov3_whole/1590192620409987840_mask_id.png,/data1/user/data/2026.05.10_机狗二次数据采集结果_标定/image/res_robotdog_distill_midterm/1590192620409987840_mask_id.png,327680,309927,0.9458221435546875,0.6155663359483015
1590192620509829888,/data1/user/data/2026.05.10_机狗二次数据采集结果_标定/image/res_dinov3_whole/1590192620509829888_mask_id.png,/data1/user/data/2026.05.10_机狗二次数据采集结果_标定/image/res_robotdog_distill_midterm/1590192620509829888_mask_id.png,327680,278086,0.848651123046875,0.5170345544087414
1590192620609664768,/data1/user/data/2026.05.10_机狗二次数据采集结果_标定/image/res_dinov3_whole/1590192620609664768_mask_id.png,/data1/user/data/2026.05.10_机狗二次数据采集结果_标定/image/res_robotdog_distill_midterm/1590192620609664768_mask_id.png,327680,303471,0.9261199951171875,0.5997079822852196
1590192620709494784,/data1/user/data/2026.05.10_机狗二次数据采集结果_标定/image/res_dinov3_whole/1590192620709494784_mask_id.png,/data1/user/data/2026.05.10_机狗二次数据采集结果_标定/image/res_robotdog_distill_midterm/1590192620709494784_mask_id.png,327680,299038,0.912591552734375,0.5986072586944187
1590192620909988864,/data1/user/data/2026.05.10_机狗二次数据采集结果_标定/image/res_dinov3_whole/1590192620909988864_mask_id.png,/data1/user/data/2026.05.10_机狗二次数据采集结果_标定/image/res_robotdog_distill_midterm/1590192620909988864_mask_id.png,327680,300241,0.9162628173828125,0.7452353977149253
1590192621009816832,/data1/user/data/2026.05.10_机狗二次数据采集结果_标定/image/res_dinov3_whole/1590192621009816832_mask_id.png,/data1/user/data/2026.05.10_机狗二次数据采集结果_标定/image/res_robotdog_distill_midterm/1590192621009816832_mask_id.png,327680,312155,0.9526214599609375,0.6071457845213206
1590192621109644800,/data1/user/data/2026.05.10_机狗二次数据采集结果_标定/image/res_dinov3_whole/1590192621109644800_mask_id.png,/data1/user/data/2026.05.10_机狗二次数据采集结果_标定/image/res_robotdog_distill_midterm/1590192621109644800_mask_id.png,327680,308837,0.9424957275390625,0.6536105883486707
1590192621209474816,/data1/user/data/2026.05.10_机狗二次数据采集结果_标定/image/res_dinov3_whole/1590192621209474816_mask_id.png,/data1/user/data/2026.05.10_机狗二次数据采集结果_标定/image/res_robotdog_distill_midterm/1590192621209474816_mask_id.png,327680,311816,0.9515869140625,0.643943914989035
1590192621309322752,/data1/user/data/2026.05.10_机狗二次数据采集结果_标定/image/res_dinov3_whole/1590192621309322752_mask_id.png,/data1/user/data/2026.05.10_机狗二次数据采集结果_标定/image/res_robotdog_distill_midterm/1590192621309322752_mask_id.png,327680,313418,0.956475830078125,0.666088500107458
1590192621409967872,/data1/user/data/2026.05.10_机狗二次数据采集结果_标定/image/res_dinov3_whole/1590192621409967872_mask_id.png,/data1/user/data/2026.05.10_机狗二次数据采集结果_标定/image/res_robotdog_distill_midterm/1590192621409967872_mask_id.png,327680,314470,0.959686279296875,0.7516065867327275
1590192621509820928,/data1/user/data/2026.05.10_机狗二次数据采集结果_标定/image/res_dinov3_whole/1590192621509820928_mask_id.png,/data1/user/data/2026.05.10_机狗二次数据采集结果_标定/image/res_robotdog_distill_midterm/1590192621509820928_mask_id.png,327680,287209,0.8764923095703125,0.509597452422303
1590192621609655808,/data1/user/data/2026.05.10_机狗二次数据采集结果_标定/image/res_dinov3_whole/1590192621609655808_mask_id.png,/data1/user/data/2026.05.10_机狗二次数据采集结果_标定/image/res_robotdog_distill_midterm/1590192621609655808_mask_id.png,327680,280957,0.8574127197265625,0.5539246467887357
1590192621709493760,/data1/user/data/2026.05.10_机狗二次数据采集结果_标定/image/res_dinov3_whole/1590192621709493760_mask_id.png,/data1/user/data/2026.05.10_机狗二次数据采集结果_标定/image/res_robotdog_distill_midterm/1590192621709493760_mask_id.png,327680,306918,0.936639404296875,0.6005838460340759
1590192621809337856,/data1/user/data/2026.05.10_机狗二次数据采集结果_标定/image/res_dinov3_whole/1590192621809337856_mask_id.png,/data1/user/data/2026.05.10_机狗二次数据采集结果_标定/image/res_robotdog_distill_midterm/1590192621809337856_mask_id.png,327680,290069,0.8852203369140625,0.5383769262261993
1590192621909964800,/data1/user/data/2026.05.10_机狗二次数据采集结果_标定/image/res_dinov3_whole/1590192621909964800_mask_id.png,/data1/user/data/2026.05.10_机狗二次数据采集结果_标定/image/res_robotdog_distill_midterm/1590192621909964800_mask_id.png,327680,294168,0.8977294921875,0.5644514671155114
1590192622009803776,/data1/user/data/2026.05.10_机狗二次数据采集结果_标定/image/res_dinov3_whole/1590192622009803776_mask_id.png,/data1/user/data/2026.05.10_机狗二次数据采集结果_标定/image/res_robotdog_distill_midterm/1590192622009803776_mask_id.png,327680,311047,0.9492401123046875,0.6294627194882608
1590192622109643776,/data1/user/data/2026.05.10_机狗二次数据采集结果_标定/image/res_dinov3_whole/1590192622109643776_mask_id.png,/data1/user/data/2026.05.10_机狗二次数据采集结果_标定/image/res_robotdog_distill_midterm/1590192622109643776_mask_id.png,327680,312054,0.952313232421875,0.68305514305041
1590192622209486848,/data1/user/data/2026.05.10_机狗二次数据采集结果_标定/image/res_dinov3_whole/1590192622209486848_mask_id.png,/data1/user/data/2026.05.10_机狗二次数据采集结果_标定/image/res_robotdog_distill_midterm/1590192622209486848_mask_id.png,327680,291096,0.8883544921875,0.6181677599202524
1590192622309324800,/data1/user/data/2026.05.10_机狗二次数据采集结果_标定/image/res_dinov3_whole/1590192622309324800_mask_id.png,/data1/user/data/2026.05.10_机狗二次数据采集结果_标定/image/res_robotdog_distill_midterm/1590192622309324800_mask_id.png,327680,306027,0.9339202880859375,0.6719621880944127
1590192622409977856,/data1/user/data/2026.05.10_机狗二次数据采集结果_标定/image/res_dinov3_whole/1590192622409977856_mask_id.png,/data1/user/data/2026.05.10_机狗二次数据采集结果_标定/image/res_robotdog_distill_midterm/1590192622409977856_mask_id.png,327680,306735,0.9360809326171875,0.7221822577778105
1590192622509826816,/data1/user/data/2026.05.10_机狗二次数据采集结果_标定/image/res_dinov3_whole/1590192622509826816_mask_id.png,/data1/user/data/2026.05.10_机狗二次数据采集结果_标定/image/res_robotdog_distill_midterm/1590192622509826816_mask_id.png,327680,316799,0.9667938232421875,0.7074880391160504
1590192622609682944,/data1/user/data/2026.05.10_机狗二次数据采集结果_标定/image/res_dinov3_whole/1590192622609682944_mask_id.png,/data1/user/data/2026.05.10_机狗二次数据采集结果_标定/image/res_robotdog_distill_midterm/1590192622609682944_mask_id.png,327680,316001,0.9643585205078125,0.737953938653646
1590192622709536768,/data1/user/data/2026.05.10_机狗二次数据采集结果_标定/image/res_dinov3_whole/1590192622709536768_mask_id.png,/data1/user/data/2026.05.10_机狗二次数据采集结果_标定/image/res_robotdog_distill_midterm/1590192622709536768_mask_id.png,327680,314344,0.9593017578125,0.6808536190898188
1590192622909627904,/data1/user/data/2026.05.10_机狗二次数据采集结果_标定/image/res_dinov3_whole/1590192622909627904_mask_id.png,/data1/user/data/2026.05.10_机狗二次数据采集结果_标定/image/res_robotdog_distill_midterm/1590192622909627904_mask_id.png,327680,316895,0.9670867919921875,0.760620710837427
1590192623009466880,/data1/user/data/2026.05.10_机狗二次数据采集结果_标定/image/res_dinov3_whole/1590192623009466880_mask_id.png,/data1/user/data/2026.05.10_机狗二次数据采集结果_标定/image/res_robotdog_distill_midterm/1590192623009466880_mask_id.png,327680,273619,0.8350189208984375,0.6076796805755978
1590192623209957888,/data1/user/data/2026.05.10_机狗二次数据采集结果_标定/image/res_dinov3_whole/1590192623209957888_mask_id.png,/data1/user/data/2026.05.10_机狗二次数据采集结果_标定/image/res_robotdog_distill_midterm/1590192623209957888_mask_id.png,327680,309647,0.9449676513671875,0.738882944416519
1590192623409657856,/data1/user/data/2026.05.10_机狗二次数据采集结果_标定/image/res_dinov3_whole/1590192623409657856_mask_id.png,/data1/user/data/2026.05.10_机狗二次数据采集结果_标定/image/res_robotdog_distill_midterm/1590192623409657856_mask_id.png,327680,307024,0.936962890625,0.5918791099455749
1590192623509498880,/data1/user/data/2026.05.10_机狗二次数据采集结果_标定/image/res_dinov3_whole/1590192623509498880_mask_id.png,/data1/user/data/2026.05.10_机狗二次数据采集结果_标定/image/res_robotdog_distill_midterm/1590192623509498880_mask_id.png,327680,283526,0.865252685546875,0.6446416524731731
1590192624309803776,/data1/user/data/2026.05.10_机狗二次数据采集结果_标定/image/res_dinov3_whole/1590192624309803776_mask_id.png,/data1/user/data/2026.05.10_机狗二次数据采集结果_标定/image/res_robotdog_distill_midterm/1590192624309803776_mask_id.png,327680,310880,0.94873046875,0.6380220811177115
1590192624509488896,/data1/user/data/2026.05.10_机狗二次数据采集结果_标定/image/res_dinov3_whole/1590192624509488896_mask_id.png,/data1/user/data/2026.05.10_机狗二次数据采集结果_标定/image/res_robotdog_distill_midterm/1590192624509488896_mask_id.png,327680,291795,0.8904876708984375,0.6355372605262979
1590192624609307904,/data1/user/data/2026.05.10_机狗二次数据采集结果_标定/image/res_dinov3_whole/1590192624609307904_mask_id.png,/data1/user/data/2026.05.10_机狗二次数据采集结果_标定/image/res_robotdog_distill_midterm/1590192624609307904_mask_id.png,327680,306293,0.9347320556640625,0.5126718909060771
1590192624709945856,/data1/user/data/2026.05.10_机狗二次数据采集结果_标定/image/res_dinov3_whole/1590192624709945856_mask_id.png,/data1/user/data/2026.05.10_机狗二次数据采集结果_标定/image/res_robotdog_distill_midterm/1590192624709945856_mask_id.png,327680,317490,0.968902587890625,0.6765200021560088
1590192624809787904,/data1/user/data/2026.05.10_机狗二次数据采集结果_标定/image/res_dinov3_whole/1590192624809787904_mask_id.png,/data1/user/data/2026.05.10_机狗二次数据采集结果_标定/image/res_robotdog_distill_midterm/1590192624809787904_mask_id.png,327680,316926,0.967181396484375,0.6153106445516612
1590192624909629952,/data1/user/data/2026.05.10_机狗二次数据采集结果_标定/image/res_dinov3_whole/1590192624909629952_mask_id.png,/data1/user/data/2026.05.10_机狗二次数据采集结果_标定/image/res_robotdog_distill_midterm/1590192624909629952_mask_id.png,327680,314225,0.9589385986328125,0.7596157281884005
1590192625109312768,/data1/user/data/2026.05.10_机狗二次数据采集结果_标定/image/res_dinov3_whole/1590192625109312768_mask_id.png,/data1/user/data/2026.05.10_机狗二次数据采集结果_标定/image/res_robotdog_distill_midterm/1590192625109312768_mask_id.png,327680,317543,0.9690643310546875,0.5441580856886442
1590192625209959936,/data1/user/data/2026.05.10_机狗二次数据采集结果_标定/image/res_dinov3_whole/1590192625209959936_mask_id.png,/data1/user/data/2026.05.10_机狗二次数据采集结果_标定/image/res_robotdog_distill_midterm/1590192625209959936_mask_id.png,327680,316636,0.96629638671875,0.6670083687284825
1590192626009435904,/data1/user/data/2026.05.10_机狗二次数据采集结果_标定/image/res_dinov3_whole/1590192626009435904_mask_id.png,/data1/user/data/2026.05.10_机狗二次数据采集结果_标定/image/res_robotdog_distill_midterm/1590192626009435904_mask_id.png,327680,291376,0.889208984375,0.582788345735906
1590192626209923840,/data1/user/data/2026.05.10_机狗二次数据采集结果_标定/image/res_dinov3_whole/1590192626209923840_mask_id.png,/data1/user/data/2026.05.10_机狗二次数据采集结果_标定/image/res_robotdog_distill_midterm/1590192626209923840_mask_id.png,327680,284982,0.869696044921875,0.4468154792828345
1590192626909591808,/data1/user/data/2026.05.10_机狗二次数据采集结果_标定/image/res_dinov3_whole/1590192626909591808_mask_id.png,/data1/user/data/2026.05.10_机狗二次数据采集结果_标定/image/res_robotdog_distill_midterm/1590192626909591808_mask_id.png,327680,317369,0.9685333251953125,0.5129268972896533
1590192627309352960,/data1/user/data/2026.05.10_机狗二次数据采集结果_标定/image/res_dinov3_whole/1590192627309352960_mask_id.png,/data1/user/data/2026.05.10_机狗二次数据采集结果_标定/image/res_robotdog_distill_midterm/1590192627309352960_mask_id.png,327680,316789,0.9667633056640625,0.585437611406362
1590192631609802752,/data1/user/data/2026.05.10_机狗二次数据采集结果_标定/image/res_dinov3_whole/1590192631609802752_mask_id.png,/data1/user/data/2026.05.10_机狗二次数据采集结果_标定/image/res_robotdog_distill_midterm/1590192631609802752_mask_id.png,327680,315708,0.96346435546875,0.7301695863996448
1590192632109808896,/data1/user/data/2026.05.10_机狗二次数据采集结果_标定/image/res_dinov3_whole/1590192632109808896_mask_id.png,/data1/user/data/2026.05.10_机狗二次数据采集结果_标定/image/res_robotdog_distill_midterm/1590192632109808896_mask_id.png,327680,315573,0.9630523681640625,0.5951221519286649
1590192632209643776,/data1/user/data/2026.05.10_机狗二次数据采集结果_标定/image/res_dinov3_whole/1590192632209643776_mask_id.png,/data1/user/data/2026.05.10_机狗二次数据采集结果_标定/image/res_robotdog_distill_midterm/1590192632209643776_mask_id.png,327680,317072,0.967626953125,0.7163933688922309
1590192632309472000,/data1/user/data/2026.05.10_机狗二次数据采集结果_标定/image/res_dinov3_whole/1590192632309472000_mask_id.png,/data1/user/data/2026.05.10_机狗二次数据采集结果_标定/image/res_robotdog_distill_midterm/1590192632309472000_mask_id.png,327680,313437,0.9565338134765625,0.6262307926643713
1590192632409314816,/data1/user/data/2026.05.10_机狗二次数据采集结果_标定/image/res_dinov3_whole/1590192632409314816_mask_id.png,/data1/user/data/2026.05.10_机狗二次数据采集结果_标定/image/res_robotdog_distill_midterm/1590192632409314816_mask_id.png,327680,314472,0.9596923828125,0.5733458896894531
1590192632509944832,/data1/user/data/2026.05.10_机狗二次数据采集结果_标定/image/res_dinov3_whole/1590192632509944832_mask_id.png,/data1/user/data/2026.05.10_机狗二次数据采集结果_标定/image/res_robotdog_distill_midterm/1590192632509944832_mask_id.png,327680,315906,0.964068603515625,0.6393459973108773
1590192632809444864,/data1/user/data/2026.05.10_机狗二次数据采集结果_标定/image/res_dinov3_whole/1590192632809444864_mask_id.png,/data1/user/data/2026.05.10_机狗二次数据采集结果_标定/image/res_robotdog_distill_midterm/1590192632809444864_mask_id.png,327680,312913,0.9549346923828125,0.6230237543342787
1590192632909678848,/data1/user/data/2026.05.10_机狗二次数据采集结果_标定/image/res_dinov3_whole/1590192632909678848_mask_id.png,/data1/user/data/2026.05.10_机狗二次数据采集结果_标定/image/res_robotdog_distill_midterm/1590192632909678848_mask_id.png,327680,317383,0.9685760498046875,0.6376967173649218
1590192633109350912,/data1/user/data/2026.05.10_机狗二次数据采集结果_标定/image/res_dinov3_whole/1590192633109350912_mask_id.png,/data1/user/data/2026.05.10_机狗二次数据采集结果_标定/image/res_robotdog_distill_midterm/1590192633109350912_mask_id.png,327680,316832,0.96689453125,0.5306201078113706
1590192633309809920,/data1/user/data/2026.05.10_机狗二次数据采集结果_标定/image/res_dinov3_whole/1590192633309809920_mask_id.png,/data1/user/data/2026.05.10_机狗二次数据采集结果_标定/image/res_robotdog_distill_midterm/1590192633309809920_mask_id.png,327680,306639,0.9357879638671875,0.4803985143276713
1590192633509500928,/data1/user/data/2026.05.10_机狗二次数据采集结果_标定/image/res_dinov3_whole/1590192633509500928_mask_id.png,/data1/user/data/2026.05.10_机狗二次数据采集结果_标定/image/res_robotdog_distill_midterm/1590192633509500928_mask_id.png,327680,315282,0.962164306640625,0.49490304011336067
1590192633709990912,/data1/user/data/2026.05.10_机狗二次数据采集结果_标定/image/res_dinov3_whole/1590192633709990912_mask_id.png,/data1/user/data/2026.05.10_机狗二次数据采集结果_标定/image/res_robotdog_distill_midterm/1590192633709990912_mask_id.png,327680,314357,0.9593414306640625,0.5589053871413685
1590192633909686784,/data1/user/data/2026.05.10_机狗二次数据采集结果_标定/image/res_dinov3_whole/1590192633909686784_mask_id.png,/data1/user/data/2026.05.10_机狗二次数据采集结果_标定/image/res_robotdog_distill_midterm/1590192633909686784_mask_id.png,327680,317357,0.9684967041015625,0.55830028861726
1590192634009522944,/data1/user/data/2026.05.10_机狗二次数据采集结果_标定/image/res_dinov3_whole/1590192634009522944_mask_id.png,/data1/user/data/2026.05.10_机狗二次数据采集结果_标定/image/res_robotdog_distill_midterm/1590192634009522944_mask_id.png,327680,316224,0.9650390625,0.718138116465484
1590192634109345792,/data1/user/data/2026.05.10_机狗二次数据采集结果_标定/image/res_dinov3_whole/1590192634109345792_mask_id.png,/data1/user/data/2026.05.10_机狗二次数据采集结果_标定/image/res_robotdog_distill_midterm/1590192634109345792_mask_id.png,327680,267257,0.8156036376953125,0.3684324563444725
1590192634209983232,/data1/user/data/2026.05.10_机狗二次数据采集结果_标定/image/res_dinov3_whole/1590192634209983232_mask_id.png,/data1/user/data/2026.05.10_机狗二次数据采集结果_标定/image/res_robotdog_distill_midterm/1590192634209983232_mask_id.png,327680,311951,0.9519989013671875,0.6985587722453581
1590192634309826816,/data1/user/data/2026.05.10_机狗二次数据采集结果_标定/image/res_dinov3_whole/1590192634309826816_mask_id.png,/data1/user/data/2026.05.10_机狗二次数据采集结果_标定/image/res_robotdog_distill_midterm/1590192634309826816_mask_id.png,327680,301664,0.92060546875,0.5516422691139513
1590192634409665792,/data1/user/data/2026.05.10_机狗二次数据采集结果_标定/image/res_dinov3_whole/1590192634409665792_mask_id.png,/data1/user/data/2026.05.10_机狗二次数据采集结果_标定/image/res_robotdog_distill_midterm/1590192634409665792_mask_id.png,327680,296566,0.905047607421875,0.5912487902587575
1590192634609325824,/data1/user/data/2026.05.10_机狗二次数据采集结果_标定/image/res_dinov3_whole/1590192634609325824_mask_id.png,/data1/user/data/2026.05.10_机狗二次数据采集结果_标定/image/res_robotdog_distill_midterm/1590192634609325824_mask_id.png,327680,313123,0.9555755615234375,0.5604513804025251
1590192634809804800,/data1/user/data/2026.05.10_机狗二次数据采集结果_标定/image/res_dinov3_whole/1590192634809804800_mask_id.png,/data1/user/data/2026.05.10_机狗二次数据采集结果_标定/image/res_robotdog_distill_midterm/1590192634809804800_mask_id.png,327680,257849,0.7868927001953125,0.3969747662040703
1590192635009492992,/data1/user/data/2026.05.10_机狗二次数据采集结果_标定/image/res_dinov3_whole/1590192635009492992_mask_id.png,/data1/user/data/2026.05.10_机狗二次数据采集结果_标定/image/res_robotdog_distill_midterm/1590192635009492992_mask_id.png,327680,274838,0.838739013671875,0.560429833888449
1590192635109325824,/data1/user/data/2026.05.10_机狗二次数据采集结果_标定/image/res_dinov3_whole/1590192635109325824_mask_id.png,/data1/user/data/2026.05.10_机狗二次数据采集结果_标定/image/res_robotdog_distill_midterm/1590192635109325824_mask_id.png,327680,302269,0.9224517822265625,0.787235674735021
1590192635209971968,/data1/user/data/2026.05.10_机狗二次数据采集结果_标定/image/res_dinov3_whole/1590192635209971968_mask_id.png,/data1/user/data/2026.05.10_机狗二次数据采集结果_标定/image/res_robotdog_distill_midterm/1590192635209971968_mask_id.png,327680,315782,0.963690185546875,0.7150673223023596
1590192635309807872,/data1/user/data/2026.05.10_机狗二次数据采集结果_标定/image/res_dinov3_whole/1590192635309807872_mask_id.png,/data1/user/data/2026.05.10_机狗二次数据采集结果_标定/image/res_robotdog_distill_midterm/1590192635309807872_mask_id.png,327680,311782,0.951483154296875,0.7051538598043356
1590192635409654784,/data1/user/data/2026.05.10_机狗二次数据采集结果_标定/image/res_dinov3_whole/1590192635409654784_mask_id.png,/data1/user/data/2026.05.10_机狗二次数据采集结果_标定/image/res_robotdog_distill_midterm/1590192635409654784_mask_id.png,327680,312237,0.9528717041015625,0.8247837063236331
1590192635509494784,/data1/user/data/2026.05.10_机狗二次数据采集结果_标定/image/res_dinov3_whole/1590192635509494784_mask_id.png,/data1/user/data/2026.05.10_机狗二次数据采集结果_标定/image/res_robotdog_distill_midterm/1590192635509494784_mask_id.png,327680,301452,0.91995849609375,0.5856082942413915
1590192635609325056,/data1/user/data/2026.05.10_机狗二次数据采集结果_标定/image/res_dinov3_whole/1590192635609325056_mask_id.png,/data1/user/data/2026.05.10_机狗二次数据采集结果_标定/image/res_robotdog_distill_midterm/1590192635609325056_mask_id.png,327680,290510,0.886566162109375,0.5919904368026923
1590192635709974784,/data1/user/data/2026.05.10_机狗二次数据采集结果_标定/image/res_dinov3_whole/1590192635709974784_mask_id.png,/data1/user/data/2026.05.10_机狗二次数据采集结果_标定/image/res_robotdog_distill_midterm/1590192635709974784_mask_id.png,327680,304036,0.92784423828125,0.6235328734406913
1590192635809814784,/data1/user/data/2026.05.10_机狗二次数据采集结果_标定/image/res_dinov3_whole/1590192635809814784_mask_id.png,/data1/user/data/2026.05.10_机狗二次数据采集结果_标定/image/res_robotdog_distill_midterm/1590192635809814784_mask_id.png,327680,291448,0.8894287109375,0.5357168861458962
1590192635909659904,/data1/user/data/2026.05.10_机狗二次数据采集结果_标定/image/res_dinov3_whole/1590192635909659904_mask_id.png,/data1/user/data/2026.05.10_机狗二次数据采集结果_标定/image/res_robotdog_distill_midterm/1590192635909659904_mask_id.png,327680,311366,0.950213623046875,0.6562052678910256
1590192636009501952,/data1/user/data/2026.05.10_机狗二次数据采集结果_标定/image/res_dinov3_whole/1590192636009501952_mask_id.png,/data1/user/data/2026.05.10_机狗二次数据采集结果_标定/image/res_robotdog_distill_midterm/1590192636009501952_mask_id.png,327680,304143,0.9281707763671875,0.6411340438161691
1590192636109348864,/data1/user/data/2026.05.10_机狗二次数据采集结果_标定/image/res_dinov3_whole/1590192636109348864_mask_id.png,/data1/user/data/2026.05.10_机狗二次数据采集结果_标定/image/res_robotdog_distill_midterm/1590192636109348864_mask_id.png,327680,314530,0.959869384765625,0.7451105979597108
1590192636209986816,/data1/user/data/2026.05.10_机狗二次数据采集结果_标定/image/res_dinov3_whole/1590192636209986816_mask_id.png,/data1/user/data/2026.05.10_机狗二次数据采集结果_标定/image/res_robotdog_distill_midterm/1590192636209986816_mask_id.png,327680,293125,0.8945465087890625,0.5315288979198164
1590192636309833984,/data1/user/data/2026.05.10_机狗二次数据采集结果_标定/image/res_dinov3_whole/1590192636309833984_mask_id.png,/data1/user/data/2026.05.10_机狗二次数据采集结果_标定/image/res_robotdog_distill_midterm/1590192636309833984_mask_id.png,327680,312807,0.9546112060546875,0.6779752633621792
1590192636409683968,/data1/user/data/2026.05.10_机狗二次数据采集结果_标定/image/res_dinov3_whole/1590192636409683968_mask_id.png,/data1/user/data/2026.05.10_机狗二次数据采集结果_标定/image/res_robotdog_distill_midterm/1590192636409683968_mask_id.png,327680,276343,0.8433319091796875,0.565465269172493
1590192636509520896,/data1/user/data/2026.05.10_机狗二次数据采集结果_标定/image/res_dinov3_whole/1590192636509520896_mask_id.png,/data1/user/data/2026.05.10_机狗二次数据采集结果_标定/image/res_robotdog_distill_midterm/1590192636509520896_mask_id.png,327680,280052,0.85465087890625,0.6462635384977206
1590192636609366784,/data1/user/data/2026.05.10_机狗二次数据采集结果_标定/image/res_dinov3_whole/1590192636609366784_mask_id.png,/data1/user/data/2026.05.10_机狗二次数据采集结果_标定/image/res_robotdog_distill_midterm/1590192636609366784_mask_id.png,327680,317251,0.9681732177734375,0.8265353365914148
1590192636709608960,/data1/user/data/2026.05.10_机狗二次数据采集结果_标定/image/res_dinov3_whole/1590192636709608960_mask_id.png,/data1/user/data/2026.05.10_机狗二次数据采集结果_标定/image/res_robotdog_distill_midterm/1590192636709608960_mask_id.png,327680,310637,0.9479888916015625,0.6781056353074213
1590192636809447168,/data1/user/data/2026.05.10_机狗二次数据采集结果_标定/image/res_dinov3_whole/1590192636809447168_mask_id.png,/data1/user/data/2026.05.10_机狗二次数据采集结果_标定/image/res_robotdog_distill_midterm/1590192636809447168_mask_id.png,327680,299608,0.9143310546875,0.5722885019742484
1590192636909283840,/data1/user/data/2026.05.10_机狗二次数据采集结果_标定/image/res_dinov3_whole/1590192636909283840_mask_id.png,/data1/user/data/2026.05.10_机狗二次数据采集结果_标定/image/res_robotdog_distill_midterm/1590192636909283840_mask_id.png,327680,312785,0.9545440673828125,0.6665913364160245
1590192637009927936,/data1/user/data/2026.05.10_机狗二次数据采集结果_标定/image/res_dinov3_whole/1590192637009927936_mask_id.png,/data1/user/data/2026.05.10_机狗二次数据采集结果_标定/image/res_robotdog_distill_midterm/1590192637009927936_mask_id.png,327680,292239,0.8918426513671875,0.6125811700281166
1590192637109764864,/data1/user/data/2026.05.10_机狗二次数据采集结果_标定/image/res_dinov3_whole/1590192637109764864_mask_id.png,/data1/user/data/2026.05.10_机狗二次数据采集结果_标定/image/res_robotdog_distill_midterm/1590192637109764864_mask_id.png,327680,294669,0.8992584228515625,0.5936071310623519
1590192637209593856,/data1/user/data/2026.05.10_机狗二次数据采集结果_标定/image/res_dinov3_whole/1590192637209593856_mask_id.png,/data1/user/data/2026.05.10_机狗二次数据采集结果_标定/image/res_robotdog_distill_midterm/1590192637209593856_mask_id.png,327680,311384,0.9502685546875,0.5838503418628713
1590192637309424896,/data1/user/data/2026.05.10_机狗二次数据采集结果_标定/image/res_dinov3_whole/1590192637309424896_mask_id.png,/data1/user/data/2026.05.10_机狗二次数据采集结果_标定/image/res_robotdog_distill_midterm/1590192637309424896_mask_id.png,327680,304826,0.930255126953125,0.6807040356096716
1590192637409656832,/data1/user/data/2026.05.10_机狗二次数据采集结果_标定/image/res_dinov3_whole/1590192637409656832_mask_id.png,/data1/user/data/2026.05.10_机狗二次数据采集结果_标定/image/res_robotdog_distill_midterm/1590192637409656832_mask_id.png,327680,288399,0.8801239013671875,0.6267609659870638
1590192637509488896,/data1/user/data/2026.05.10_机狗二次数据采集结果_标定/image/res_dinov3_whole/1590192637509488896_mask_id.png,/data1/user/data/2026.05.10_机狗二次数据采集结果_标定/image/res_robotdog_distill_midterm/1590192637509488896_mask_id.png,327680,275661,0.8412506103515625,0.485474911067048
1590192637609327872,/data1/user/data/2026.05.10_机狗二次数据采集结果_标定/image/res_dinov3_whole/1590192637609327872_mask_id.png,/data1/user/data/2026.05.10_机狗二次数据采集结果_标定/image/res_robotdog_distill_midterm/1590192637609327872_mask_id.png,327680,273444,0.83448486328125,0.5648725130319467
1590192637709963776,/data1/user/data/2026.05.10_机狗二次数据采集结果_标定/image/res_dinov3_whole/1590192637709963776_mask_id.png,/data1/user/data/2026.05.10_机狗二次数据采集结果_标定/image/res_robotdog_distill_midterm/1590192637709963776_mask_id.png,327680,280294,0.855389404296875,0.6358966065018165
1590192637809796864,/data1/user/data/2026.05.10_机狗二次数据采集结果_标定/image/res_dinov3_whole/1590192637809796864_mask_id.png,/data1/user/data/2026.05.10_机狗二次数据采集结果_标定/image/res_robotdog_distill_midterm/1590192637809796864_mask_id.png,327680,281695,0.8596649169921875,0.6203461762754463
1590192637909633792,/data1/user/data/2026.05.10_机狗二次数据采集结果_标定/image/res_dinov3_whole/1590192637909633792_mask_id.png,/data1/user/data/2026.05.10_机狗二次数据采集结果_标定/image/res_robotdog_distill_midterm/1590192637909633792_mask_id.png,327680,293796,0.89659423828125,0.6555899054169959
1590192638009476864,/data1/user/data/2026.05.10_机狗二次数据采集结果_标定/image/res_dinov3_whole/1590192638009476864_mask_id.png,/data1/user/data/2026.05.10_机狗二次数据采集结果_标定/image/res_robotdog_distill_midterm/1590192638009476864_mask_id.png,327680,316833,0.9668975830078125,0.8124117268403782
1590192638109323776,/data1/user/data/2026.05.10_机狗二次数据采集结果_标定/image/res_dinov3_whole/1590192638109323776_mask_id.png,/data1/user/data/2026.05.10_机狗二次数据采集结果_标定/image/res_robotdog_distill_midterm/1590192638109323776_mask_id.png,327680,309709,0.9451568603515625,0.8106129783333785
1590192638209956864,/data1/user/data/2026.05.10_机狗二次数据采集结果_标定/image/res_dinov3_whole/1590192638209956864_mask_id.png,/data1/user/data/2026.05.10_机狗二次数据采集结果_标定/image/res_robotdog_distill_midterm/1590192638209956864_mask_id.png,327680,272608,0.83193359375,0.5913916390140006
1590192638309786880,/data1/user/data/2026.05.10_机狗二次数据采集结果_标定/image/res_dinov3_whole/1590192638309786880_mask_id.png,/data1/user/data/2026.05.10_机狗二次数据采集结果_标定/image/res_robotdog_distill_midterm/1590192638309786880_mask_id.png,327680,262519,0.8011444091796875,0.5248453109588995
1590192638409641984,/data1/user/data/2026.05.10_机狗二次数据采集结果_标定/image/res_dinov3_whole/1590192638409641984_mask_id.png,/data1/user/data/2026.05.10_机狗二次数据采集结果_标定/image/res_robotdog_distill_midterm/1590192638409641984_mask_id.png,327680,289049,0.8821075439453125,0.6531387005676937
1590192638509466880,/data1/user/data/2026.05.10_机狗二次数据采集结果_标定/image/res_dinov3_whole/1590192638509466880_mask_id.png,/data1/user/data/2026.05.10_机狗二次数据采集结果_标定/image/res_robotdog_distill_midterm/1590192638509466880_mask_id.png,327680,284800,0.869140625,0.6168175554706898
1590192638609315840,/data1/user/data/2026.05.10_机狗二次数据采集结果_标定/image/res_dinov3_whole/1590192638609315840_mask_id.png,/data1/user/data/2026.05.10_机狗二次数据采集结果_标定/image/res_robotdog_distill_midterm/1590192638609315840_mask_id.png,327680,308363,0.9410491943359375,0.7903149852473574
1590192638709963776,/data1/user/data/2026.05.10_机狗二次数据采集结果_标定/image/res_dinov3_whole/1590192638709963776_mask_id.png,/data1/user/data/2026.05.10_机狗二次数据采集结果_标定/image/res_robotdog_distill_midterm/1590192638709963776_mask_id.png,327680,310964,0.94898681640625,0.6150972652625734
1590192638809798912,/data1/user/data/2026.05.10_机狗二次数据采集结果_标定/image/res_dinov3_whole/1590192638809798912_mask_id.png,/data1/user/data/2026.05.10_机狗二次数据采集结果_标定/image/res_robotdog_distill_midterm/1590192638809798912_mask_id.png,327680,288205,0.8795318603515625,0.5390756257529269
1590192638909634816,/data1/user/data/2026.05.10_机狗二次数据采集结果_标定/image/res_dinov3_whole/1590192638909634816_mask_id.png,/data1/user/data/2026.05.10_机狗二次数据采集结果_标定/image/res_robotdog_distill_midterm/1590192638909634816_mask_id.png,327680,255423,0.7794891357421875,0.5250477198355495
1590192639009486848,/data1/user/data/2026.05.10_机狗二次数据采集结果_标定/image/res_dinov3_whole/1590192639009486848_mask_id.png,/data1/user/data/2026.05.10_机狗二次数据采集结果_标定/image/res_robotdog_distill_midterm/1590192639009486848_mask_id.png,327680,294788,0.89962158203125,0.6418507346250789
1590192639109332992,/data1/user/data/2026.05.10_机狗二次数据采集结果_标定/image/res_dinov3_whole/1590192639109332992_mask_id.png,/data1/user/data/2026.05.10_机狗二次数据采集结果_标定/image/res_robotdog_distill_midterm/1590192639109332992_mask_id.png,327680,280155,0.8549652099609375,0.5581814563561188
1590192639209974784,/data1/user/data/2026.05.10_机狗二次数据采集结果_标定/image/res_dinov3_whole/1590192639209974784_mask_id.png,/data1/user/data/2026.05.10_机狗二次数据采集结果_标定/image/res_robotdog_distill_midterm/1590192639209974784_mask_id.png,327680,252549,0.7707183837890625,0.4660193996928404
1590192639309812992,/data1/user/data/2026.05.10_机狗二次数据采集结果_标定/image/res_dinov3_whole/1590192639309812992_mask_id.png,/data1/user/data/2026.05.10_机狗二次数据采集结果_标定/image/res_robotdog_distill_midterm/1590192639309812992_mask_id.png,327680,313301,0.9561187744140625,0.6736408922668135
1590192639409643776,/data1/user/data/2026.05.10_机狗二次数据采集结果_标定/image/res_dinov3_whole/1590192639409643776_mask_id.png,/data1/user/data/2026.05.10_机狗二次数据采集结果_标定/image/res_robotdog_distill_midterm/1590192639409643776_mask_id.png,327680,303758,0.926995849609375,0.5836225270547301
1590192639509476864,/data1/user/data/2026.05.10_机狗二次数据采集结果_标定/image/res_dinov3_whole/1590192639509476864_mask_id.png,/data1/user/data/2026.05.10_机狗二次数据采集结果_标定/image/res_robotdog_distill_midterm/1590192639509476864_mask_id.png,327680,283803,0.8660980224609375,0.6023303615075188
1590192639609320960,/data1/user/data/2026.05.10_机狗二次数据采集结果_标定/image/res_dinov3_whole/1590192639609320960_mask_id.png,/data1/user/data/2026.05.10_机狗二次数据采集结果_标定/image/res_robotdog_distill_midterm/1590192639609320960_mask_id.png,327680,286387,0.8739837646484375,0.6729675890295352
1590192639709952768,/data1/user/data/2026.05.10_机狗二次数据采集结果_标定/image/res_dinov3_whole/1590192639709952768_mask_id.png,/data1/user/data/2026.05.10_机狗二次数据采集结果_标定/image/res_robotdog_distill_midterm/1590192639709952768_mask_id.png,327680,274989,0.8391998291015625,0.5967390746568701
1590192639809797888,/data1/user/data/2026.05.10_机狗二次数据采集结果_标定/image/res_dinov3_whole/1590192639809797888_mask_id.png,/data1/user/data/2026.05.10_机狗二次数据采集结果_标定/image/res_robotdog_distill_midterm/1590192639809797888_mask_id.png,327680,216225,0.6598663330078125,0.4761728810679586
1590192639909645824,/data1/user/data/2026.05.10_机狗二次数据采集结果_标定/image/res_dinov3_whole/1590192639909645824_mask_id.png,/data1/user/data/2026.05.10_机狗二次数据采集结果_标定/image/res_robotdog_distill_midterm/1590192639909645824_mask_id.png,327680,259366,0.791522216796875,0.5371619330804015
1590192640009493760,/data1/user/data/2026.05.10_机狗二次数据采集结果_标定/image/res_dinov3_whole/1590192640009493760_mask_id.png,/data1/user/data/2026.05.10_机狗二次数据采集结果_标定/image/res_robotdog_distill_midterm/1590192640009493760_mask_id.png,327680,306327,0.9348358154296875,0.6104414344410236
1590192640109345792,/data1/user/data/2026.05.10_机狗二次数据采集结果_标定/image/res_dinov3_whole/1590192640109345792_mask_id.png,/data1/user/data/2026.05.10_机狗二次数据采集结果_标定/image/res_robotdog_distill_midterm/1590192640109345792_mask_id.png,327680,299642,0.914434814453125,0.5845049732134333
1590192640209600768,/data1/user/data/2026.05.10_机狗二次数据采集结果_标定/image/res_dinov3_whole/1590192640209600768_mask_id.png,/data1/user/data/2026.05.10_机狗二次数据采集结果_标定/image/res_robotdog_distill_midterm/1590192640209600768_mask_id.png,327680,216262,0.659979248046875,0.5408682546260164
1590192640309444864,/data1/user/data/2026.05.10_机狗二次数据采集结果_标定/image/res_dinov3_whole/1590192640309444864_mask_id.png,/data1/user/data/2026.05.10_机狗二次数据采集结果_标定/image/res_robotdog_distill_midterm/1590192640309444864_mask_id.png,327680,251043,0.7661224365234375,0.6016486810603549
1590192640409280768,/data1/user/data/2026.05.10_机狗二次数据采集结果_标定/image/res_dinov3_whole/1590192640409280768_mask_id.png,/data1/user/data/2026.05.10_机狗二次数据采集结果_标定/image/res_robotdog_distill_midterm/1590192640409280768_mask_id.png,327680,312686,0.954241943359375,0.6503544520127402
1590192640509934848,/data1/user/data/2026.05.10_机狗二次数据采集结果_标定/image/res_dinov3_whole/1590192640509934848_mask_id.png,/data1/user/data/2026.05.10_机狗二次数据采集结果_标定/image/res_robotdog_distill_midterm/1590192640509934848_mask_id.png,327680,298374,0.910565185546875,0.5620188247060324
1590192640609776896,/data1/user/data/2026.05.10_机狗二次数据采集结果_标定/image/res_dinov3_whole/1590192640609776896_mask_id.png,/data1/user/data/2026.05.10_机狗二次数据采集结果_标定/image/res_robotdog_distill_midterm/1590192640609776896_mask_id.png,327680,312581,0.9539215087890625,0.6118984891705282
1590192640709608960,/data1/user/data/2026.05.10_机狗二次数据采集结果_标定/image/res_dinov3_whole/1590192640709608960_mask_id.png,/data1/user/data/2026.05.10_机狗二次数据采集结果_标定/image/res_robotdog_distill_midterm/1590192640709608960_mask_id.png,327680,235678,0.719232177734375,0.5853127154365881
1590192640809449984,/data1/user/data/2026.05.10_机狗二次数据采集结果_标定/image/res_dinov3_whole/1590192640809449984_mask_id.png,/data1/user/data/2026.05.10_机狗二次数据采集结果_标定/image/res_robotdog_distill_midterm/1590192640809449984_mask_id.png,327680,205828,0.62813720703125,0.5003644112716751
1590192640909290752,/data1/user/data/2026.05.10_机狗二次数据采集结果_标定/image/res_dinov3_whole/1590192640909290752_mask_id.png,/data1/user/data/2026.05.10_机狗二次数据采集结果_标定/image/res_robotdog_distill_midterm/1590192640909290752_mask_id.png,327680,260366,0.794573974609375,0.5523540164871568
1590192641009917952,/data1/user/data/2026.05.10_机狗二次数据采集结果_标定/image/res_dinov3_whole/1590192641009917952_mask_id.png,/data1/user/data/2026.05.10_机狗二次数据采集结果_标定/image/res_robotdog_distill_midterm/1590192641009917952_mask_id.png,327680,312676,0.95421142578125,0.6740473794384573
1590192641109754880,/data1/user/data/2026.05.10_机狗二次数据采集结果_标定/image/res_dinov3_whole/1590192641109754880_mask_id.png,/data1/user/data/2026.05.10_机狗二次数据采集结果_标定/image/res_robotdog_distill_midterm/1590192641109754880_mask_id.png,327680,308585,0.9417266845703125,0.6138991517099478
1590192641209587968,/data1/user/data/2026.05.10_机狗二次数据采集结果_标定/image/res_dinov3_whole/1590192641209587968_mask_id.png,/data1/user/data/2026.05.10_机狗二次数据采集结果_标定/image/res_robotdog_distill_midterm/1590192641209587968_mask_id.png,327680,226775,0.6920623779296875,0.5504218674803293
1590192641309430784,/data1/user/data/2026.05.10_机狗二次数据采集结果_标定/image/res_dinov3_whole/1590192641309430784_mask_id.png,/data1/user/data/2026.05.10_机狗二次数据采集结果_标定/image/res_robotdog_distill_midterm/1590192641309430784_mask_id.png,327680,265741,0.8109771728515625,0.6360599230384117
1590192641409662976,/data1/user/data/2026.05.10_机狗二次数据采集结果_标定/image/res_dinov3_whole/1590192641409662976_mask_id.png,/data1/user/data/2026.05.10_机狗二次数据采集结果_标定/image/res_robotdog_distill_midterm/1590192641409662976_mask_id.png,327680,317283,0.9682708740234375,0.6967527906594156
1590192641509489920,/data1/user/data/2026.05.10_机狗二次数据采集结果_标定/image/res_dinov3_whole/1590192641509489920_mask_id.png,/data1/user/data/2026.05.10_机狗二次数据采集结果_标定/image/res_robotdog_distill_midterm/1590192641509489920_mask_id.png,327680,233894,0.713787841796875,0.5479299080325083
1590192641609322752,/data1/user/data/2026.05.10_机狗二次数据采集结果_标定/image/res_dinov3_whole/1590192641609322752_mask_id.png,/data1/user/data/2026.05.10_机狗二次数据采集结果_标定/image/res_robotdog_distill_midterm/1590192641609322752_mask_id.png,327680,256989,0.7842681884765625,0.5656083326961772
1590192641709969920,/data1/user/data/2026.05.10_机狗二次数据采集结果_标定/image/res_dinov3_whole/1590192641709969920_mask_id.png,/data1/user/data/2026.05.10_机狗二次数据采集结果_标定/image/res_robotdog_distill_midterm/1590192641709969920_mask_id.png,327680,279657,0.8534454345703125,0.711740174315679
1590192641809809920,/data1/user/data/2026.05.10_机狗二次数据采集结果_标定/image/res_dinov3_whole/1590192641809809920_mask_id.png,/data1/user/data/2026.05.10_机狗二次数据采集结果_标定/image/res_robotdog_distill_midterm/1590192641809809920_mask_id.png,327680,257018,0.784356689453125,0.5698776775617854
1590192641909638912,/data1/user/data/2026.05.10_机狗二次数据采集结果_标定/image/res_dinov3_whole/1590192641909638912_mask_id.png,/data1/user/data/2026.05.10_机狗二次数据采集结果_标定/image/res_robotdog_distill_midterm/1590192641909638912_mask_id.png,327680,215715,0.6583099365234375,0.5684612180408987
1590192642009490944,/data1/user/data/2026.05.10_机狗二次数据采集结果_标定/image/res_dinov3_whole/1590192642009490944_mask_id.png,/data1/user/data/2026.05.10_机狗二次数据采集结果_标定/image/res_robotdog_distill_midterm/1590192642009490944_mask_id.png,327680,231845,0.7075347900390625,0.4525484965369537
1590192642109321984,/data1/user/data/2026.05.10_机狗二次数据采集结果_标定/image/res_dinov3_whole/1590192642109321984_mask_id.png,/data1/user/data/2026.05.10_机狗二次数据采集结果_标定/image/res_robotdog_distill_midterm/1590192642109321984_mask_id.png,327680,234563,0.7158294677734375,0.49989588080356673
1590192642209969920,/data1/user/data/2026.05.10_机狗二次数据采集结果_标定/image/res_dinov3_whole/1590192642209969920_mask_id.png,/data1/user/data/2026.05.10_机狗二次数据采集结果_标定/image/res_robotdog_distill_midterm/1590192642209969920_mask_id.png,327680,275927,0.8420623779296875,0.5266033404317723
1590192642309803776,/data1/user/data/2026.05.10_机狗二次数据采集结果_标定/image/res_dinov3_whole/1590192642309803776_mask_id.png,/data1/user/data/2026.05.10_机狗二次数据采集结果_标定/image/res_robotdog_distill_midterm/1590192642309803776_mask_id.png,327680,268826,0.820391845703125,0.5675434584183513
1590192642409656832,/data1/user/data/2026.05.10_机狗二次数据采集结果_标定/image/res_dinov3_whole/1590192642409656832_mask_id.png,/data1/user/data/2026.05.10_机狗二次数据采集结果_标定/image/res_robotdog_distill_midterm/1590192642409656832_mask_id.png,327680,214635,0.6550140380859375,0.5024000722188992
1590192642509508864,/data1/user/data/2026.05.10_机狗二次数据采集结果_标定/image/res_dinov3_whole/1590192642509508864_mask_id.png,/data1/user/data/2026.05.10_机狗二次数据采集结果_标定/image/res_robotdog_distill_midterm/1590192642509508864_mask_id.png,327680,277147,0.8457855224609375,0.5098933840092804
1590192642609344768,/data1/user/data/2026.05.10_机狗二次数据采集结果_标定/image/res_dinov3_whole/1590192642609344768_mask_id.png,/data1/user/data/2026.05.10_机狗二次数据采集结果_标定/image/res_robotdog_distill_midterm/1590192642609344768_mask_id.png,327680,298255,0.9102020263671875,0.6958048240650269
1590192642709984000,/data1/user/data/2026.05.10_机狗二次数据采集结果_标定/image/res_dinov3_whole/1590192642709984000_mask_id.png,/data1/user/data/2026.05.10_机狗二次数据采集结果_标定/image/res_robotdog_distill_midterm/1590192642709984000_mask_id.png,327680,309148,0.94344482421875,0.6401712556328001
1590192642809822208,/data1/user/data/2026.05.10_机狗二次数据采集结果_标定/image/res_dinov3_whole/1590192642809822208_mask_id.png,/data1/user/data/2026.05.10_机狗二次数据采集结果_标定/image/res_robotdog_distill_midterm/1590192642809822208_mask_id.png,327680,244773,0.7469879150390625,0.4762881251853399
1590192642909658880,/data1/user/data/2026.05.10_机狗二次数据采集结果_标定/image/res_dinov3_whole/1590192642909658880_mask_id.png,/data1/user/data/2026.05.10_机狗二次数据采集结果_标定/image/res_robotdog_distill_midterm/1590192642909658880_mask_id.png,327680,312211,0.9527923583984375,0.6753935855007506
1590192643009497856,/data1/user/data/2026.05.10_机狗二次数据采集结果_标定/image/res_dinov3_whole/1590192643009497856_mask_id.png,/data1/user/data/2026.05.10_机狗二次数据采集结果_标定/image/res_robotdog_distill_midterm/1590192643009497856_mask_id.png,327680,281680,0.859619140625,0.5772349176645514
1590192643109322752,/data1/user/data/2026.05.10_机狗二次数据采集结果_标定/image/res_dinov3_whole/1590192643109322752_mask_id.png,/data1/user/data/2026.05.10_机狗二次数据采集结果_标定/image/res_robotdog_distill_midterm/1590192643109322752_mask_id.png,327680,307679,0.9389617919921875,0.6333691117048311
1590192643209954816,/data1/user/data/2026.05.10_机狗二次数据采集结果_标定/image/res_dinov3_whole/1590192643209954816_mask_id.png,/data1/user/data/2026.05.10_机狗二次数据采集结果_标定/image/res_robotdog_distill_midterm/1590192643209954816_mask_id.png,327680,254296,0.7760498046875,0.5282604942919215
1590192643309787904,/data1/user/data/2026.05.10_机狗二次数据采集结果_标定/image/res_dinov3_whole/1590192643309787904_mask_id.png,/data1/user/data/2026.05.10_机狗二次数据采集结果_标定/image/res_robotdog_distill_midterm/1590192643309787904_mask_id.png,327680,258600,0.7891845703125,0.638583878579459
1590192643409620992,/data1/user/data/2026.05.10_机狗二次数据采集结果_标定/image/res_dinov3_whole/1590192643409620992_mask_id.png,/data1/user/data/2026.05.10_机狗二次数据采集结果_标定/image/res_robotdog_distill_midterm/1590192643409620992_mask_id.png,327680,293491,0.8956634521484375,0.595894204847895
1590192643509454848,/data1/user/data/2026.05.10_机狗二次数据采集结果_标定/image/res_dinov3_whole/1590192643509454848_mask_id.png,/data1/user/data/2026.05.10_机狗二次数据采集结果_标定/image/res_robotdog_distill_midterm/1590192643509454848_mask_id.png,327680,302331,0.9226409912109375,0.5743381440262709
1590192643609312768,/data1/user/data/2026.05.10_机狗二次数据采集结果_标定/image/res_dinov3_whole/1590192643609312768_mask_id.png,/data1/user/data/2026.05.10_机狗二次数据采集结果_标定/image/res_robotdog_distill_midterm/1590192643609312768_mask_id.png,327680,309778,0.945367431640625,0.7401686926623473
1590192643709954816,/data1/user/data/2026.05.10_机狗二次数据采集结果_标定/image/res_dinov3_whole/1590192643709954816_mask_id.png,/data1/user/data/2026.05.10_机狗二次数据采集结果_标定/image/res_robotdog_distill_midterm/1590192643709954816_mask_id.png,327680,313505,0.9567413330078125,0.5994639325668123
1590192643809796864,/data1/user/data/2026.05.10_机狗二次数据采集结果_标定/image/res_dinov3_whole/1590192643809796864_mask_id.png,/data1/user/data/2026.05.10_机狗二次数据采集结果_标定/image/res_robotdog_distill_midterm/1590192643809796864_mask_id.png,327680,297054,0.906536865234375,0.632321556341292
1590192643909655808,/data1/user/data/2026.05.10_机狗二次数据采集结果_标定/image/res_dinov3_whole/1590192643909655808_mask_id.png,/data1/user/data/2026.05.10_机狗二次数据采集结果_标定/image/res_robotdog_distill_midterm/1590192643909655808_mask_id.png,327680,315978,0.964288330078125,0.6446253677830828
1590192644109348864,/data1/user/data/2026.05.10_机狗二次数据采集结果_标定/image/res_dinov3_whole/1590192644109348864_mask_id.png,/data1/user/data/2026.05.10_机狗二次数据采集结果_标定/image/res_robotdog_distill_midterm/1590192644109348864_mask_id.png,327680,309726,0.945208740234375,0.6486522645496674
1590192644209984768,/data1/user/data/2026.05.10_机狗二次数据采集结果_标定/image/res_dinov3_whole/1590192644209984768_mask_id.png,/data1/user/data/2026.05.10_机狗二次数据采集结果_标定/image/res_robotdog_distill_midterm/1590192644209984768_mask_id.png,327680,314736,0.960498046875,0.669043530425669
1590192644309836800,/data1/user/data/2026.05.10_机狗二次数据采集结果_标定/image/res_dinov3_whole/1590192644309836800_mask_id.png,/data1/user/data/2026.05.10_机狗二次数据采集结果_标定/image/res_robotdog_distill_midterm/1590192644309836800_mask_id.png,327680,316009,0.9643829345703125,0.7479443947810809
1590192644509524992,/data1/user/data/2026.05.10_机狗二次数据采集结果_标定/image/res_dinov3_whole/1590192644509524992_mask_id.png,/data1/user/data/2026.05.10_机狗二次数据采集结果_标定/image/res_robotdog_distill_midterm/1590192644509524992_mask_id.png,327680,313775,0.9575653076171875,0.7491811442932257
1590192644609374976,/data1/user/data/2026.05.10_机狗二次数据采集结果_标定/image/res_dinov3_whole/1590192644609374976_mask_id.png,/data1/user/data/2026.05.10_机狗二次数据采集结果_标定/image/res_robotdog_distill_midterm/1590192644609374976_mask_id.png,327680,304910,0.930511474609375,0.5937000648881632
1590192644809467904,/data1/user/data/2026.05.10_机狗二次数据采集结果_标定/image/res_dinov3_whole/1590192644809467904_mask_id.png,/data1/user/data/2026.05.10_机狗二次数据采集结果_标定/image/res_robotdog_distill_midterm/1590192644809467904_mask_id.png,327680,272097,0.8303741455078125,0.5725298394053511
1590192644909293056,/data1/user/data/2026.05.10_机狗二次数据采集结果_标定/image/res_dinov3_whole/1590192644909293056_mask_id.png,/data1/user/data/2026.05.10_机狗二次数据采集结果_标定/image/res_robotdog_distill_midterm/1590192644909293056_mask_id.png,327680,302585,0.9234161376953125,0.5314857109604365
1590192645009947904,/data1/user/data/2026.05.10_机狗二次数据采集结果_标定/image/res_dinov3_whole/1590192645009947904_mask_id.png,/data1/user/data/2026.05.10_机狗二次数据采集结果_标定/image/res_robotdog_distill_midterm/1590192645009947904_mask_id.png,327680,311865,0.9517364501953125,0.5767516157187378
1590192645109787904,/data1/user/data/2026.05.10_机狗二次数据采集结果_标定/image/res_dinov3_whole/1590192645109787904_mask_id.png,/data1/user/data/2026.05.10_机狗二次数据采集结果_标定/image/res_robotdog_distill_midterm/1590192645109787904_mask_id.png,327680,306660,0.93585205078125,0.6344720597502165
1590192645209639936,/data1/user/data/2026.05.10_机狗二次数据采集结果_标定/image/res_dinov3_whole/1590192645209639936_mask_id.png,/data1/user/data/2026.05.10_机狗二次数据采集结果_标定/image/res_robotdog_distill_midterm/1590192645209639936_mask_id.png,327680,235519,0.7187469482421875,0.4966706352665217
1590192645309481984,/data1/user/data/2026.05.10_机狗二次数据采集结果_标定/image/res_dinov3_whole/1590192645309481984_mask_id.png,/data1/user/data/2026.05.10_机狗二次数据采集结果_标定/image/res_robotdog_distill_midterm/1590192645309481984_mask_id.png,327680,308947,0.9428314208984375,0.6185645299681463
1590192645409321984,/data1/user/data/2026.05.10_机狗二次数据采集结果_标定/image/res_dinov3_whole/1590192645409321984_mask_id.png,/data1/user/data/2026.05.10_机狗二次数据采集结果_标定/image/res_robotdog_distill_midterm/1590192645409321984_mask_id.png,327680,305227,0.9314788818359375,0.5968112073418897
1590192645509969920,/data1/user/data/2026.05.10_机狗二次数据采集结果_标定/image/res_dinov3_whole/1590192645509969920_mask_id.png,/data1/user/data/2026.05.10_机狗二次数据采集结果_标定/image/res_robotdog_distill_midterm/1590192645509969920_mask_id.png,327680,302206,0.922259521484375,0.5962495126854385
1590192645609822976,/data1/user/data/2026.05.10_机狗二次数据采集结果_标定/image/res_dinov3_whole/1590192645609822976_mask_id.png,/data1/user/data/2026.05.10_机狗二次数据采集结果_标定/image/res_robotdog_distill_midterm/1590192645609822976_mask_id.png,327680,309274,0.943829345703125,0.5636778428732135
1590192645709669888,/data1/user/data/2026.05.10_机狗二次数据采集结果_标定/image/res_dinov3_whole/1590192645709669888_mask_id.png,/data1/user/data/2026.05.10_机狗二次数据采集结果_标定/image/res_robotdog_distill_midterm/1590192645709669888_mask_id.png,327680,282848,0.86318359375,0.4190507427781985
1590192645809518848,/data1/user/data/2026.05.10_机狗二次数据采集结果_标定/image/res_dinov3_whole/1590192645809518848_mask_id.png,/data1/user/data/2026.05.10_机狗二次数据采集结果_标定/image/res_robotdog_distill_midterm/1590192645809518848_mask_id.png,327680,301396,0.91978759765625,0.5941527844804187
1590192645909356800,/data1/user/data/2026.05.10_机狗二次数据采集结果_标定/image/res_dinov3_whole/1590192645909356800_mask_id.png,/data1/user/data/2026.05.10_机狗二次数据采集结果_标定/image/res_robotdog_distill_midterm/1590192645909356800_mask_id.png,327680,307653,0.9388824462890625,0.5821486961769016
1590192646009602816,/data1/user/data/2026.05.10_机狗二次数据采集结果_标定/image/res_dinov3_whole/1590192646009602816_mask_id.png,/data1/user/data/2026.05.10_机狗二次数据采集结果_标定/image/res_robotdog_distill_midterm/1590192646009602816_mask_id.png,327680,302381,0.9227935791015625,0.4336327609338874
1590192646109440768,/data1/user/data/2026.05.10_机狗二次数据采集结果_标定/image/res_dinov3_whole/1590192646109440768_mask_id.png,/data1/user/data/2026.05.10_机狗二次数据采集结果_标定/image/res_robotdog_distill_midterm/1590192646109440768_mask_id.png,327680,307555,0.9385833740234375,0.4339221207495974
1590192646209675776,/data1/user/data/2026.05.10_机狗二次数据采集结果_标定/image/res_dinov3_whole/1590192646209675776_mask_id.png,/data1/user/data/2026.05.10_机狗二次数据采集结果_标定/image/res_robotdog_distill_midterm/1590192646209675776_mask_id.png,327680,294103,0.8975311279296875,0.4511447789391598
1590192646309520896,/data1/user/data/2026.05.10_机狗二次数据采集结果_标定/image/res_dinov3_whole/1590192646309520896_mask_id.png,/data1/user/data/2026.05.10_机狗二次数据采集结果_标定/image/res_robotdog_distill_midterm/1590192646309520896_mask_id.png,327680,299879,0.9151580810546875,0.5193792453814189
1590192646409352192,/data1/user/data/2026.05.10_机狗二次数据采集结果_标定/image/res_dinov3_whole/1590192646409352192_mask_id.png,/data1/user/data/2026.05.10_机狗二次数据采集结果_标定/image/res_robotdog_distill_midterm/1590192646409352192_mask_id.png,327680,309144,0.9434326171875,0.6183124041620628
1590192646509604096,/data1/user/data/2026.05.10_机狗二次数据采集结果_标定/image/res_dinov3_whole/1590192646509604096_mask_id.png,/data1/user/data/2026.05.10_机狗二次数据采集结果_标定/image/res_robotdog_distill_midterm/1590192646509604096_mask_id.png,327680,312044,0.95228271484375,0.6682482608400359
1590192646609444864,/data1/user/data/2026.05.10_机狗二次数据采集结果_标定/image/res_dinov3_whole/1590192646609444864_mask_id.png,/data1/user/data/2026.05.10_机狗二次数据采集结果_标定/image/res_robotdog_distill_midterm/1590192646609444864_mask_id.png,327680,276284,0.84315185546875,0.5118965345084662
1590192646709677824,/data1/user/data/2026.05.10_机狗二次数据采集结果_标定/image/res_dinov3_whole/1590192646709677824_mask_id.png,/data1/user/data/2026.05.10_机狗二次数据采集结果_标定/image/res_robotdog_distill_midterm/1590192646709677824_mask_id.png,327680,274063,0.8363739013671875,0.43709721795366324
1590192646809513984,/data1/user/data/2026.05.10_机狗二次数据采集结果_标定/image/res_dinov3_whole/1590192646809513984_mask_id.png,/data1/user/data/2026.05.10_机狗二次数据采集结果_标定/image/res_robotdog_distill_midterm/1590192646809513984_mask_id.png,327680,212592,0.648779296875,0.43792781931734925
1590192646909360896,/data1/user/data/2026.05.10_机狗二次数据采集结果_标定/image/res_dinov3_whole/1590192646909360896_mask_id.png,/data1/user/data/2026.05.10_机狗二次数据采集结果_标定/image/res_robotdog_distill_midterm/1590192646909360896_mask_id.png,327680,312575,0.9539031982421875,0.5059975664424159
1590192647009993984,/data1/user/data/2026.05.10_机狗二次数据采集结果_标定/image/res_dinov3_whole/1590192647009993984_mask_id.png,/data1/user/data/2026.05.10_机狗二次数据采集结果_标定/image/res_robotdog_distill_midterm/1590192647009993984_mask_id.png,327680,290533,0.8866363525390625,0.39760083751541564
1590192647109828864,/data1/user/data/2026.05.10_机狗二次数据采集结果_标定/image/res_dinov3_whole/1590192647109828864_mask_id.png,/data1/user/data/2026.05.10_机狗二次数据采集结果_标定/image/res_robotdog_distill_midterm/1590192647109828864_mask_id.png,327680,312121,0.9525177001953125,0.5351613323787702
1590192647209675776,/data1/user/data/2026.05.10_机狗二次数据采集结果_标定/image/res_dinov3_whole/1590192647209675776_mask_id.png,/data1/user/data/2026.05.10_机狗二次数据采集结果_标定/image/res_robotdog_distill_midterm/1590192647209675776_mask_id.png,327680,311305,0.9500274658203125,0.5074278851623226
1590192647309531904,/data1/user/data/2026.05.10_机狗二次数据采集结果_标定/image/res_dinov3_whole/1590192647309531904_mask_id.png,/data1/user/data/2026.05.10_机狗二次数据采集结果_标定/image/res_robotdog_distill_midterm/1590192647309531904_mask_id.png,327680,314553,0.9599395751953125,0.5567124478415002
1590192647409362944,/data1/user/data/2026.05.10_机狗二次数据采集结果_标定/image/res_dinov3_whole/1590192647409362944_mask_id.png,/data1/user/data/2026.05.10_机狗二次数据采集结果_标定/image/res_robotdog_distill_midterm/1590192647409362944_mask_id.png,327680,305001,0.9307891845703125,0.6252875111341746
1590192647509995776,/data1/user/data/2026.05.10_机狗二次数据采集结果_标定/image/res_dinov3_whole/1590192647509995776_mask_id.png,/data1/user/data/2026.05.10_机狗二次数据采集结果_标定/image/res_robotdog_distill_midterm/1590192647509995776_mask_id.png,327680,312068,0.95235595703125,0.5553914179583467
1590192647609829888,/data1/user/data/2026.05.10_机狗二次数据采集结果_标定/image/res_dinov3_whole/1590192647609829888_mask_id.png,/data1/user/data/2026.05.10_机狗二次数据采集结果_标定/image/res_robotdog_distill_midterm/1590192647609829888_mask_id.png,327680,316172,0.96488037109375,0.5698653841984187
1590192647709671936,/data1/user/data/2026.05.10_机狗二次数据采集结果_标定/image/res_dinov3_whole/1590192647709671936_mask_id.png,/data1/user/data/2026.05.10_机狗二次数据采集结果_标定/image/res_robotdog_distill_midterm/1590192647709671936_mask_id.png,327680,304541,0.9293853759765625,0.551205706168153
1590192647809521920,/data1/user/data/2026.05.10_机狗二次数据采集结果_标定/image/res_dinov3_whole/1590192647809521920_mask_id.png,/data1/user/data/2026.05.10_机狗二次数据采集结果_标定/image/res_robotdog_distill_midterm/1590192647809521920_mask_id.png,327680,306585,0.9356231689453125,0.5675865683302586
1590192647909368832,/data1/user/data/2026.05.10_机狗二次数据采集结果_标定/image/res_dinov3_whole/1590192647909368832_mask_id.png,/data1/user/data/2026.05.10_机狗二次数据采集结果_标定/image/res_robotdog_distill_midterm/1590192647909368832_mask_id.png,327680,311182,0.949652099609375,0.5912427203812369
1590192648009600768,/data1/user/data/2026.05.10_机狗二次数据采集结果_标定/image/res_dinov3_whole/1590192648009600768_mask_id.png,/data1/user/data/2026.05.10_机狗二次数据采集结果_标定/image/res_robotdog_distill_midterm/1590192648009600768_mask_id.png,327680,221765,0.6767730712890625,0.4737078103130077
1590192648109426944,/data1/user/data/2026.05.10_机狗二次数据采集结果_标定/image/res_dinov3_whole/1590192648109426944_mask_id.png,/data1/user/data/2026.05.10_机狗二次数据采集结果_标定/image/res_robotdog_distill_midterm/1590192648109426944_mask_id.png,327680,299691,0.9145843505859375,0.43235767136818004
1590192648209661952,/data1/user/data/2026.05.10_机狗二次数据采集结果_标定/image/res_dinov3_whole/1590192648209661952_mask_id.png,/data1/user/data/2026.05.10_机狗二次数据采集结果_标定/image/res_robotdog_distill_midterm/1590192648209661952_mask_id.png,327680,221784,0.6768310546875,0.5193802261655842
1590192648309499904,/data1/user/data/2026.05.10_机狗二次数据采集结果_标定/image/res_dinov3_whole/1590192648309499904_mask_id.png,/data1/user/data/2026.05.10_机狗二次数据采集结果_标定/image/res_robotdog_distill_midterm/1590192648309499904_mask_id.png,327680,310835,0.9485931396484375,0.6737506963470508
1590192648409320960,/data1/user/data/2026.05.10_机狗二次数据采集结果_标定/image/res_dinov3_whole/1590192648409320960_mask_id.png,/data1/user/data/2026.05.10_机狗二次数据采集结果_标定/image/res_robotdog_distill_midterm/1590192648409320960_mask_id.png,327680,307220,0.93756103515625,0.5888994154576095
1590192648509956864,/data1/user/data/2026.05.10_机狗二次数据采集结果_标定/image/res_dinov3_whole/1590192648509956864_mask_id.png,/data1/user/data/2026.05.10_机狗二次数据采集结果_标定/image/res_robotdog_distill_midterm/1590192648509956864_mask_id.png,327680,303043,0.9248138427734375,0.7657348460843643
1590192648609794816,/data1/user/data/2026.05.10_机狗二次数据采集结果_标定/image/res_dinov3_whole/1590192648609794816_mask_id.png,/data1/user/data/2026.05.10_机狗二次数据采集结果_标定/image/res_robotdog_distill_midterm/1590192648609794816_mask_id.png,327680,305327,0.9317840576171875,0.5571181673493478
1590192648709636096,/data1/user/data/2026.05.10_机狗二次数据采集结果_标定/image/res_dinov3_whole/1590192648709636096_mask_id.png,/data1/user/data/2026.05.10_机狗二次数据采集结果_标定/image/res_robotdog_distill_midterm/1590192648709636096_mask_id.png,327680,310824,0.9485595703125,0.6483301970297248
1590192648809475840,/data1/user/data/2026.05.10_机狗二次数据采集结果_标定/image/res_dinov3_whole/1590192648809475840_mask_id.png,/data1/user/data/2026.05.10_机狗二次数据采集结果_标定/image/res_robotdog_distill_midterm/1590192648809475840_mask_id.png,327680,315181,0.9618560791015625,0.6557399269206491
1590192648909303808,/data1/user/data/2026.05.10_机狗二次数据采集结果_标定/image/res_dinov3_whole/1590192648909303808_mask_id.png,/data1/user/data/2026.05.10_机狗二次数据采集结果_标定/image/res_robotdog_distill_midterm/1590192648909303808_mask_id.png,327680,309231,0.9436981201171875,0.6894392731234636
1590192649009934848,/data1/user/data/2026.05.10_机狗二次数据采集结果_标定/image/res_dinov3_whole/1590192649009934848_mask_id.png,/data1/user/data/2026.05.10_机狗二次数据采集结果_标定/image/res_robotdog_distill_midterm/1590192649009934848_mask_id.png,327680,299940,0.91534423828125,0.6481692578818626
1590192649109766912,/data1/user/data/2026.05.10_机狗二次数据采集结果_标定/image/res_dinov3_whole/1590192649109766912_mask_id.png,/data1/user/data/2026.05.10_机狗二次数据采集结果_标定/image/res_robotdog_distill_midterm/1590192649109766912_mask_id.png,327680,310579,0.9478118896484375,0.6594033982304667
1590192649209601792,/data1/user/data/2026.05.10_机狗二次数据采集结果_标定/image/res_dinov3_whole/1590192649209601792_mask_id.png,/data1/user/data/2026.05.10_机狗二次数据采集结果_标定/image/res_robotdog_distill_midterm/1590192649209601792_mask_id.png,327680,313297,0.9561065673828125,0.7119865761849083
1590192649309444864,/data1/user/data/2026.05.10_机狗二次数据采集结果_标定/image/res_dinov3_whole/1590192649309444864_mask_id.png,/data1/user/data/2026.05.10_机狗二次数据采集结果_标定/image/res_robotdog_distill_midterm/1590192649309444864_mask_id.png,327680,314916,0.96104736328125,0.7645906577189093
1590192649409677824,/data1/user/data/2026.05.10_机狗二次数据采集结果_标定/image/res_dinov3_whole/1590192649409677824_mask_id.png,/data1/user/data/2026.05.10_机狗二次数据采集结果_标定/image/res_robotdog_distill_midterm/1590192649409677824_mask_id.png,327680,307487,0.9383758544921875,0.5976715274448496
1590192649509512960,/data1/user/data/2026.05.10_机狗二次数据采集结果_标定/image/res_dinov3_whole/1590192649509512960_mask_id.png,/data1/user/data/2026.05.10_机狗二次数据采集结果_标定/image/res_robotdog_distill_midterm/1590192649509512960_mask_id.png,327680,314254,0.959027099609375,0.64325971808469
1590192649609347840,/data1/user/data/2026.05.10_机狗二次数据采集结果_标定/image/res_dinov3_whole/1590192649609347840_mask_id.png,/data1/user/data/2026.05.10_机狗二次数据采集结果_标定/image/res_robotdog_distill_midterm/1590192649609347840_mask_id.png,327680,308865,0.9425811767578125,0.602118092641409
1590192649709994752,/data1/user/data/2026.05.10_机狗二次数据采集结果_标定/image/res_dinov3_whole/1590192649709994752_mask_id.png,/data1/user/data/2026.05.10_机狗二次数据采集结果_标定/image/res_robotdog_distill_midterm/1590192649709994752_mask_id.png,327680,275382,0.840399169921875,0.6196221520299822
1590192649809831936,/data1/user/data/2026.05.10_机狗二次数据采集结果_标定/image/res_dinov3_whole/1590192649809831936_mask_id.png,/data1/user/data/2026.05.10_机狗二次数据采集结果_标定/image/res_robotdog_distill_midterm/1590192649809831936_mask_id.png,327680,312959,0.9550750732421875,0.6664557682495142
1590192649909675008,/data1/user/data/2026.05.10_机狗二次数据采集结果_标定/image/res_dinov3_whole/1590192649909675008_mask_id.png,/data1/user/data/2026.05.10_机狗二次数据采集结果_标定/image/res_robotdog_distill_midterm/1590192649909675008_mask_id.png,327680,316440,0.9656982421875,0.6693492589614525
1590192650009505792,/data1/user/data/2026.05.10_机狗二次数据采集结果_标定/image/res_dinov3_whole/1590192650009505792_mask_id.png,/data1/user/data/2026.05.10_机狗二次数据采集结果_标定/image/res_robotdog_distill_midterm/1590192650009505792_mask_id.png,327680,258580,0.78912353515625,0.6606944558470954
1590192650109340928,/data1/user/data/2026.05.10_机狗二次数据采集结果_标定/image/res_dinov3_whole/1590192650109340928_mask_id.png,/data1/user/data/2026.05.10_机狗二次数据采集结果_标定/image/res_robotdog_distill_midterm/1590192650109340928_mask_id.png,327680,306432,0.93515625,0.6996492770232875
1590192650209983744,/data1/user/data/2026.05.10_机狗二次数据采集结果_标定/image/res_dinov3_whole/1590192650209983744_mask_id.png,/data1/user/data/2026.05.10_机狗二次数据采集结果_标定/image/res_robotdog_distill_midterm/1590192650209983744_mask_id.png,327680,316325,0.9653472900390625,0.8472934534645415
1590192650309825792,/data1/user/data/2026.05.10_机狗二次数据采集结果_标定/image/res_dinov3_whole/1590192650309825792_mask_id.png,/data1/user/data/2026.05.10_机狗二次数据采集结果_标定/image/res_robotdog_distill_midterm/1590192650309825792_mask_id.png,327680,310436,0.94737548828125,0.751535277196217
1590192650509489920,/data1/user/data/2026.05.10_机狗二次数据采集结果_标定/image/res_dinov3_whole/1590192650509489920_mask_id.png,/data1/user/data/2026.05.10_机狗二次数据采集结果_标定/image/res_robotdog_distill_midterm/1590192650509489920_mask_id.png,327680,317368,0.9685302734375,0.7192611046391106
1590192650709972992,/data1/user/data/2026.05.10_机狗二次数据采集结果_标定/image/res_dinov3_whole/1590192650709972992_mask_id.png,/data1/user/data/2026.05.10_机狗二次数据采集结果_标定/image/res_robotdog_distill_midterm/1590192650709972992_mask_id.png,327680,292030,0.891204833984375,0.6043455636484955
1590192650809802752,/data1/user/data/2026.05.10_机狗二次数据采集结果_标定/image/res_dinov3_whole/1590192650809802752_mask_id.png,/data1/user/data/2026.05.10_机狗二次数据采集结果_标定/image/res_robotdog_distill_midterm/1590192650809802752_mask_id.png,327680,316889,0.9670684814453125,0.6702109296757999
1590192650909647872,/data1/user/data/2026.05.10_机狗二次数据采集结果_标定/image/res_dinov3_whole/1590192650909647872_mask_id.png,/data1/user/data/2026.05.10_机狗二次数据采集结果_标定/image/res_robotdog_distill_midterm/1590192650909647872_mask_id.png,327680,294441,0.8985626220703125,0.5583552054889712
1590192651009483776,/data1/user/data/2026.05.10_机狗二次数据采集结果_标定/image/res_dinov3_whole/1590192651009483776_mask_id.png,/data1/user/data/2026.05.10_机狗二次数据采集结果_标定/image/res_robotdog_distill_midterm/1590192651009483776_mask_id.png,327680,286584,0.8745849609375,0.5624661141496462
1590192651109321984,/data1/user/data/2026.05.10_机狗二次数据采集结果_标定/image/res_dinov3_whole/1590192651109321984_mask_id.png,/data1/user/data/2026.05.10_机狗二次数据采集结果_标定/image/res_robotdog_distill_midterm/1590192651109321984_mask_id.png,327680,288017,0.8789581298828125,0.588929145087068
1590192651209960960,/data1/user/data/2026.05.10_机狗二次数据采集结果_标定/image/res_dinov3_whole/1590192651209960960_mask_id.png,/data1/user/data/2026.05.10_机狗二次数据采集结果_标定/image/res_robotdog_distill_midterm/1590192651209960960_mask_id.png,327680,311132,0.94949951171875,0.7767850090418725
1590192651309797888,/data1/user/data/2026.05.10_机狗二次数据采集结果_标定/image/res_dinov3_whole/1590192651309797888_mask_id.png,/data1/user/data/2026.05.10_机狗二次数据采集结果_标定/image/res_robotdog_distill_midterm/1590192651309797888_mask_id.png,327680,289234,0.882672119140625,0.6797922589979372
1590192651409634816,/data1/user/data/2026.05.10_机狗二次数据采集结果_标定/image/res_dinov3_whole/1590192651409634816_mask_id.png,/data1/user/data/2026.05.10_机狗二次数据采集结果_标定/image/res_robotdog_distill_midterm/1590192651409634816_mask_id.png,327680,291934,0.890911865234375,0.6934666050457029
1590192651509473792,/data1/user/data/2026.05.10_机狗二次数据采集结果_标定/image/res_dinov3_whole/1590192651509473792_mask_id.png,/data1/user/data/2026.05.10_机狗二次数据采集结果_标定/image/res_robotdog_distill_midterm/1590192651509473792_mask_id.png,327680,288709,0.8810699462890625,0.5970736152744262
1590192651609325056,/data1/user/data/2026.05.10_机狗二次数据采集结果_标定/image/res_dinov3_whole/1590192651609325056_mask_id.png,/data1/user/data/2026.05.10_机狗二次数据采集结果_标定/image/res_robotdog_distill_midterm/1590192651609325056_mask_id.png,327680,298862,0.912054443359375,0.7562556033725495
1590192651709962752,/data1/user/data/2026.05.10_机狗二次数据采集结果_标定/image/res_dinov3_whole/1590192651709962752_mask_id.png,/data1/user/data/2026.05.10_机狗二次数据采集结果_标定/image/res_robotdog_distill_midterm/1590192651709962752_mask_id.png,327680,277516,0.84691162109375,0.6281747969483963
1590192651809814784,/data1/user/data/2026.05.10_机狗二次数据采集结果_标定/image/res_dinov3_whole/1590192651809814784_mask_id.png,/data1/user/data/2026.05.10_机狗二次数据采集结果_标定/image/res_robotdog_distill_midterm/1590192651809814784_mask_id.png,327680,283548,0.86531982421875,0.5946082595966119
1590192651909648896,/data1/user/data/2026.05.10_机狗二次数据采集结果_标定/image/res_dinov3_whole/1590192651909648896_mask_id.png,/data1/user/data/2026.05.10_机狗二次数据采集结果_标定/image/res_robotdog_distill_midterm/1590192651909648896_mask_id.png,327680,296434,0.904644775390625,0.6230204478642409
1590192652009486080,/data1/user/data/2026.05.10_机狗二次数据采集结果_标定/image/res_dinov3_whole/1590192652009486080_mask_id.png,/data1/user/data/2026.05.10_机狗二次数据采集结果_标定/image/res_robotdog_distill_midterm/1590192652009486080_mask_id.png,327680,293446,0.895526123046875,0.706738946164958
1590192652109331968,/data1/user/data/2026.05.10_机狗二次数据采集结果_标定/image/res_dinov3_whole/1590192652109331968_mask_id.png,/data1/user/data/2026.05.10_机狗二次数据采集结果_标定/image/res_robotdog_distill_midterm/1590192652109331968_mask_id.png,327680,284987,0.8697113037109375,0.6545172723660477
1590192652209967872,/data1/user/data/2026.05.10_机狗二次数据采集结果_标定/image/res_dinov3_whole/1590192652209967872_mask_id.png,/data1/user/data/2026.05.10_机狗二次数据采集结果_标定/image/res_robotdog_distill_midterm/1590192652209967872_mask_id.png,327680,284113,0.8670440673828125,0.5275673434479181
1590192652309816832,/data1/user/data/2026.05.10_机狗二次数据采集结果_标定/image/res_dinov3_whole/1590192652309816832_mask_id.png,/data1/user/data/2026.05.10_机狗二次数据采集结果_标定/image/res_robotdog_distill_midterm/1590192652309816832_mask_id.png,327680,275800,0.8416748046875,0.45968928770131595
1590192652409677824,/data1/user/data/2026.05.10_机狗二次数据采集结果_标定/image/res_dinov3_whole/1590192652409677824_mask_id.png,/data1/user/data/2026.05.10_机狗二次数据采集结果_标定/image/res_robotdog_distill_midterm/1590192652409677824_mask_id.png,327680,270973,0.8269439697265625,0.6126432528900768
1590192652509524224,/data1/user/data/2026.05.10_机狗二次数据采集结果_标定/image/res_dinov3_whole/1590192652509524224_mask_id.png,/data1/user/data/2026.05.10_机狗二次数据采集结果_标定/image/res_robotdog_distill_midterm/1590192652509524224_mask_id.png,327680,289444,0.88331298828125,0.6666372213899489
1590192652609370880,/data1/user/data/2026.05.10_机狗二次数据采集结果_标定/image/res_dinov3_whole/1590192652609370880_mask_id.png,/data1/user/data/2026.05.10_机狗二次数据采集结果_标定/image/res_robotdog_distill_midterm/1590192652609370880_mask_id.png,327680,259055,0.7905731201171875,0.5432097874081193
1590192652709600768,/data1/user/data/2026.05.10_机狗二次数据采集结果_标定/image/res_dinov3_whole/1590192652709600768_mask_id.png,/data1/user/data/2026.05.10_机狗二次数据采集结果_标定/image/res_robotdog_distill_midterm/1590192652709600768_mask_id.png,327680,298264,0.9102294921875,0.6748114204812283
1590192652809452800,/data1/user/data/2026.05.10_机狗二次数据采集结果_标定/image/res_dinov3_whole/1590192652809452800_mask_id.png,/data1/user/data/2026.05.10_机狗二次数据采集结果_标定/image/res_robotdog_distill_midterm/1590192652809452800_mask_id.png,327680,295645,0.9022369384765625,0.5283210557395178
1590192652909675008,/data1/user/data/2026.05.10_机狗二次数据采集结果_标定/image/res_dinov3_whole/1590192652909675008_mask_id.png,/data1/user/data/2026.05.10_机狗二次数据采集结果_标定/image/res_robotdog_distill_midterm/1590192652909675008_mask_id.png,327680,283009,0.8636749267578125,0.4689491817913281
1590192653009509888,/data1/user/data/2026.05.10_机狗二次数据采集结果_标定/image/res_dinov3_whole/1590192653009509888_mask_id.png,/data1/user/data/2026.05.10_机狗二次数据采集结果_标定/image/res_robotdog_distill_midterm/1590192653009509888_mask_id.png,327680,305049,0.9309356689453125,0.591306457381343
1590192653109341952,/data1/user/data/2026.05.10_机狗二次数据采集结果_标定/image/res_dinov3_whole/1590192653109341952_mask_id.png,/data1/user/data/2026.05.10_机狗二次数据采集结果_标定/image/res_robotdog_distill_midterm/1590192653109341952_mask_id.png,327680,282288,0.861474609375,0.5579943168094814
1590192653209979904,/data1/user/data/2026.05.10_机狗二次数据采集结果_标定/image/res_dinov3_whole/1590192653209979904_mask_id.png,/data1/user/data/2026.05.10_机狗二次数据采集结果_标定/image/res_robotdog_distill_midterm/1590192653209979904_mask_id.png,327680,308919,0.9427459716796875,0.6382951942385195
1590192653309820928,/data1/user/data/2026.05.10_机狗二次数据采集结果_标定/image/res_dinov3_whole/1590192653309820928_mask_id.png,/data1/user/data/2026.05.10_机狗二次数据采集结果_标定/image/res_robotdog_distill_midterm/1590192653309820928_mask_id.png,327680,261992,0.7995361328125,0.46679090681510416
1590192653409660928,/data1/user/data/2026.05.10_机狗二次数据采集结果_标定/image/res_dinov3_whole/1590192653409660928_mask_id.png,/data1/user/data/2026.05.10_机狗二次数据采集结果_标定/image/res_robotdog_distill_midterm/1590192653409660928_mask_id.png,327680,295164,0.90076904296875,0.5999604016924084
1590192653509499904,/data1/user/data/2026.05.10_机狗二次数据采集结果_标定/image/res_dinov3_whole/1590192653509499904_mask_id.png,/data1/user/data/2026.05.10_机狗二次数据采集结果_标定/image/res_robotdog_distill_midterm/1590192653509499904_mask_id.png,327680,291394,0.889263916015625,0.5513054659150106
1590192653609339904,/data1/user/data/2026.05.10_机狗二次数据采集结果_标定/image/res_dinov3_whole/1590192653609339904_mask_id.png,/data1/user/data/2026.05.10_机狗二次数据采集结果_标定/image/res_robotdog_distill_midterm/1590192653609339904_mask_id.png,327680,252816,0.771533203125,0.46160140926829807
1590192653709987840,/data1/user/data/2026.05.10_机狗二次数据采集结果_标定/image/res_dinov3_whole/1590192653709987840_mask_id.png,/data1/user/data/2026.05.10_机狗二次数据采集结果_标定/image/res_robotdog_distill_midterm/1590192653709987840_mask_id.png,327680,246151,0.7511932373046875,0.4641338899315744
1590192653809814784,/data1/user/data/2026.05.10_机狗二次数据采集结果_标定/image/res_dinov3_whole/1590192653809814784_mask_id.png,/data1/user/data/2026.05.10_机狗二次数据采集结果_标定/image/res_robotdog_distill_midterm/1590192653809814784_mask_id.png,327680,307469,0.9383209228515625,0.5882477217822701
1590192653909658880,/data1/user/data/2026.05.10_机狗二次数据采集结果_标定/image/res_dinov3_whole/1590192653909658880_mask_id.png,/data1/user/data/2026.05.10_机狗二次数据采集结果_标定/image/res_robotdog_distill_midterm/1590192653909658880_mask_id.png,327680,293141,0.8945953369140625,0.5104656595730717
1590192654009495808,/data1/user/data/2026.05.10_机狗二次数据采集结果_标定/image/res_dinov3_whole/1590192654009495808_mask_id.png,/data1/user/data/2026.05.10_机狗二次数据采集结果_标定/image/res_robotdog_distill_midterm/1590192654009495808_mask_id.png,327680,289653,0.8839508056640625,0.5669188061013192
1590192654109331968,/data1/user/data/2026.05.10_机狗二次数据采集结果_标定/image/res_dinov3_whole/1590192654109331968_mask_id.png,/data1/user/data/2026.05.10_机狗二次数据采集结果_标定/image/res_robotdog_distill_midterm/1590192654109331968_mask_id.png,327680,289975,0.8849334716796875,0.5300438643100995
1590192654209979904,/data1/user/data/2026.05.10_机狗二次数据采集结果_标定/image/res_dinov3_whole/1590192654209979904_mask_id.png,/data1/user/data/2026.05.10_机狗二次数据采集结果_标定/image/res_robotdog_distill_midterm/1590192654209979904_mask_id.png,327680,298078,0.909661865234375,0.4980993257351301
1590192654309829120,/data1/user/data/2026.05.10_机狗二次数据采集结果_标定/image/res_dinov3_whole/1590192654309829120_mask_id.png,/data1/user/data/2026.05.10_机狗二次数据采集结果_标定/image/res_robotdog_distill_midterm/1590192654309829120_mask_id.png,327680,295918,0.903070068359375,0.6078789033612634
1590192654409675776,/data1/user/data/2026.05.10_机狗二次数据采集结果_标定/image/res_dinov3_whole/1590192654409675776_mask_id.png,/data1/user/data/2026.05.10_机狗二次数据采集结果_标定/image/res_robotdog_distill_midterm/1590192654409675776_mask_id.png,327680,300502,0.917059326171875,0.637344055338516
1590192654509507840,/data1/user/data/2026.05.10_机狗二次数据采集结果_标定/image/res_dinov3_whole/1590192654509507840_mask_id.png,/data1/user/data/2026.05.10_机狗二次数据采集结果_标定/image/res_robotdog_distill_midterm/1590192654509507840_mask_id.png,327680,304136,0.9281494140625,0.5899833167981475
1590192654609351936,/data1/user/data/2026.05.10_机狗二次数据采集结果_标定/image/res_dinov3_whole/1590192654609351936_mask_id.png,/data1/user/data/2026.05.10_机狗二次数据采集结果_标定/image/res_robotdog_distill_midterm/1590192654609351936_mask_id.png,327680,306308,0.93477783203125,0.5288616721308241
1590192654809826816,/data1/user/data/2026.05.10_机狗二次数据采集结果_标定/image/res_dinov3_whole/1590192654809826816_mask_id.png,/data1/user/data/2026.05.10_机狗二次数据采集结果_标定/image/res_robotdog_distill_midterm/1590192654809826816_mask_id.png,327680,294328,0.8982177734375,0.5747244711783881
1590192654909654016,/data1/user/data/2026.05.10_机狗二次数据采集结果_标定/image/res_dinov3_whole/1590192654909654016_mask_id.png,/data1/user/data/2026.05.10_机狗二次数据采集结果_标定/image/res_robotdog_distill_midterm/1590192654909654016_mask_id.png,327680,301704,0.9207275390625,0.5519843555131575
1590192655009491968,/data1/user/data/2026.05.10_机狗二次数据采集结果_标定/image/res_dinov3_whole/1590192655009491968_mask_id.png,/data1/user/data/2026.05.10_机狗二次数据采集结果_标定/image/res_robotdog_distill_midterm/1590192655009491968_mask_id.png,327680,313384,0.9563720703125,0.6538265146138788
1590192655109335808,/data1/user/data/2026.05.10_机狗二次数据采集结果_标定/image/res_dinov3_whole/1590192655109335808_mask_id.png,/data1/user/data/2026.05.10_机狗二次数据采集结果_标定/image/res_robotdog_distill_midterm/1590192655109335808_mask_id.png,327680,310197,0.9466461181640625,0.5676479861523471
1590192655209969920,/data1/user/data/2026.05.10_机狗二次数据采集结果_标定/image/res_dinov3_whole/1590192655209969920_mask_id.png,/data1/user/data/2026.05.10_机狗二次数据采集结果_标定/image/res_robotdog_distill_midterm/1590192655209969920_mask_id.png,327680,316859,0.9669769287109375,0.6407319096230714
1590192655309807872,/data1/user/data/2026.05.10_机狗二次数据采集结果_标定/image/res_dinov3_whole/1590192655309807872_mask_id.png,/data1/user/data/2026.05.10_机狗二次数据采集结果_标定/image/res_robotdog_distill_midterm/1590192655309807872_mask_id.png,327680,250819,0.7654388427734375,0.5781074734904068
1590192655509506816,/data1/user/data/2026.05.10_机狗二次数据采集结果_标定/image/res_dinov3_whole/1590192655509506816_mask_id.png,/data1/user/data/2026.05.10_机狗二次数据采集结果_标定/image/res_robotdog_distill_midterm/1590192655509506816_mask_id.png,327680,316206,0.964984130859375,0.6349611096575029
1590192655709973760,/data1/user/data/2026.05.10_机狗二次数据采集结果_标定/image/res_dinov3_whole/1590192655709973760_mask_id.png,/data1/user/data/2026.05.10_机狗二次数据采集结果_标定/image/res_robotdog_distill_midterm/1590192655709973760_mask_id.png,327680,300260,0.91632080078125,0.5333264083748308
1590192655809817856,/data1/user/data/2026.05.10_机狗二次数据采集结果_标定/image/res_dinov3_whole/1590192655809817856_mask_id.png,/data1/user/data/2026.05.10_机狗二次数据采集结果_标定/image/res_robotdog_distill_midterm/1590192655809817856_mask_id.png,327680,276377,0.8434356689453125,0.4186688929608632
1590192655909664768,/data1/user/data/2026.05.10_机狗二次数据采集结果_标定/image/res_dinov3_whole/1590192655909664768_mask_id.png,/data1/user/data/2026.05.10_机狗二次数据采集结果_标定/image/res_robotdog_distill_midterm/1590192655909664768_mask_id.png,327680,281510,0.859100341796875,0.48014162411173394
1590192656009513984,/data1/user/data/2026.05.10_机狗二次数据采集结果_标定/image/res_dinov3_whole/1590192656009513984_mask_id.png,/data1/user/data/2026.05.10_机狗二次数据采集结果_标定/image/res_robotdog_distill_midterm/1590192656009513984_mask_id.png,327680,235732,0.71939697265625,0.5156061277812235
1590192656109359872,/data1/user/data/2026.05.10_机狗二次数据采集结果_标定/image/res_dinov3_whole/1590192656109359872_mask_id.png,/data1/user/data/2026.05.10_机狗二次数据采集结果_标定/image/res_robotdog_distill_midterm/1590192656109359872_mask_id.png,327680,301195,0.9191741943359375,0.512859150523909
1590192656209988864,/data1/user/data/2026.05.10_机狗二次数据采集结果_标定/image/res_dinov3_whole/1590192656209988864_mask_id.png,/data1/user/data/2026.05.10_机狗二次数据采集结果_标定/image/res_robotdog_distill_midterm/1590192656209988864_mask_id.png,327680,277098,0.845635986328125,0.5152074359350748
1590192656309826816,/data1/user/data/2026.05.10_机狗二次数据采集结果_标定/image/res_dinov3_whole/1590192656309826816_mask_id.png,/data1/user/data/2026.05.10_机狗二次数据采集结果_标定/image/res_robotdog_distill_midterm/1590192656309826816_mask_id.png,327680,267808,0.81728515625,0.6247801937398726
1590192656409666816,/data1/user/data/2026.05.10_机狗二次数据采集结果_标定/image/res_dinov3_whole/1590192656409666816_mask_id.png,/data1/user/data/2026.05.10_机狗二次数据采集结果_标定/image/res_robotdog_distill_midterm/1590192656409666816_mask_id.png,327680,286130,0.873199462890625,0.6850526532218658
1590192656509522944,/data1/user/data/2026.05.10_机狗二次数据采集结果_标定/image/res_dinov3_whole/1590192656509522944_mask_id.png,/data1/user/data/2026.05.10_机狗二次数据采集结果_标定/image/res_robotdog_distill_midterm/1590192656509522944_mask_id.png,327680,301851,0.9211761474609375,0.6694596493488704
1590192656609355776,/data1/user/data/2026.05.10_机狗二次数据采集结果_标定/image/res_dinov3_whole/1590192656609355776_mask_id.png,/data1/user/data/2026.05.10_机狗二次数据采集结果_标定/image/res_robotdog_distill_midterm/1590192656609355776_mask_id.png,327680,305251,0.9315521240234375,0.7237881178921856
1590192656709600000,/data1/user/data/2026.05.10_机狗二次数据采集结果_标定/image/res_dinov3_whole/1590192656709600000_mask_id.png,/data1/user/data/2026.05.10_机狗二次数据采集结果_标定/image/res_robotdog_distill_midterm/1590192656709600000_mask_id.png,327680,246585,0.7525177001953125,0.5953962833103574
1590192656809435904,/data1/user/data/2026.05.10_机狗二次数据采集结果_标定/image/res_dinov3_whole/1590192656809435904_mask_id.png,/data1/user/data/2026.05.10_机狗二次数据采集结果_标定/image/res_robotdog_distill_midterm/1590192656809435904_mask_id.png,327680,291770,0.890411376953125,0.5531916479705831
1590192656909286144,/data1/user/data/2026.05.10_机狗二次数据采集结果_标定/image/res_dinov3_whole/1590192656909286144_mask_id.png,/data1/user/data/2026.05.10_机狗二次数据采集结果_标定/image/res_robotdog_distill_midterm/1590192656909286144_mask_id.png,327680,293141,0.8945953369140625,0.5567123089108622
1590192657009926912,/data1/user/data/2026.05.10_机狗二次数据采集结果_标定/image/res_dinov3_whole/1590192657009926912_mask_id.png,/data1/user/data/2026.05.10_机狗二次数据采集结果_标定/image/res_robotdog_distill_midterm/1590192657009926912_mask_id.png,327680,295833,0.9028106689453125,0.6189667857429991
1590192657109767936,/data1/user/data/2026.05.10_机狗二次数据采集结果_标定/image/res_dinov3_whole/1590192657109767936_mask_id.png,/data1/user/data/2026.05.10_机狗二次数据采集结果_标定/image/res_robotdog_distill_midterm/1590192657109767936_mask_id.png,327680,290386,0.886187744140625,0.5523314477207848
1590192657209603840,/data1/user/data/2026.05.10_机狗二次数据采集结果_标定/image/res_dinov3_whole/1590192657209603840_mask_id.png,/data1/user/data/2026.05.10_机狗二次数据采集结果_标定/image/res_robotdog_distill_midterm/1590192657209603840_mask_id.png,327680,293108,0.89449462890625,0.636603304046052
1590192657309448960,/data1/user/data/2026.05.10_机狗二次数据采集结果_标定/image/res_dinov3_whole/1590192657309448960_mask_id.png,/data1/user/data/2026.05.10_机狗二次数据采集结果_标定/image/res_robotdog_distill_midterm/1590192657309448960_mask_id.png,327680,294583,0.8989959716796875,0.4935869699862576
1590192657409291776,/data1/user/data/2026.05.10_机狗二次数据采集结果_标定/image/res_dinov3_whole/1590192657409291776_mask_id.png,/data1/user/data/2026.05.10_机狗二次数据采集结果_标定/image/res_robotdog_distill_midterm/1590192657409291776_mask_id.png,327680,292678,0.893182373046875,0.6636472034448272
1590192657509935872,/data1/user/data/2026.05.10_机狗二次数据采集结果_标定/image/res_dinov3_whole/1590192657509935872_mask_id.png,/data1/user/data/2026.05.10_机狗二次数据采集结果_标定/image/res_robotdog_distill_midterm/1590192657509935872_mask_id.png,327680,305479,0.9322479248046875,0.6921461578089195
1590192657609778944,/data1/user/data/2026.05.10_机狗二次数据采集结果_标定/image/res_dinov3_whole/1590192657609778944_mask_id.png,/data1/user/data/2026.05.10_机狗二次数据采集结果_标定/image/res_robotdog_distill_midterm/1590192657609778944_mask_id.png,327680,303279,0.9255340576171875,0.6633255777384698
1590192657709619968,/data1/user/data/2026.05.10_机狗二次数据采集结果_标定/image/res_dinov3_whole/1590192657709619968_mask_id.png,/data1/user/data/2026.05.10_机狗二次数据采集结果_标定/image/res_robotdog_distill_midterm/1590192657709619968_mask_id.png,327680,292206,0.891741943359375,0.5993860749462124
1590192657809470976,/data1/user/data/2026.05.10_机狗二次数据采集结果_标定/image/res_dinov3_whole/1590192657809470976_mask_id.png,/data1/user/data/2026.05.10_机狗二次数据采集结果_标定/image/res_robotdog_distill_midterm/1590192657809470976_mask_id.png,327680,302032,0.921728515625,0.5703557116307869
1590192657909303808,/data1/user/data/2026.05.10_机狗二次数据采集结果_标定/image/res_dinov3_whole/1590192657909303808_mask_id.png,/data1/user/data/2026.05.10_机狗二次数据采集结果_标定/image/res_robotdog_distill_midterm/1590192657909303808_mask_id.png,327680,291250,0.888824462890625,0.5638657180718499
1590192658009946880,/data1/user/data/2026.05.10_机狗二次数据采集结果_标定/image/res_dinov3_whole/1590192658009946880_mask_id.png,/data1/user/data/2026.05.10_机狗二次数据采集结果_标定/image/res_robotdog_distill_midterm/1590192658009946880_mask_id.png,327680,293505,0.8957061767578125,0.5987370533393837
1590192658109792000,/data1/user/data/2026.05.10_机狗二次数据采集结果_标定/image/res_dinov3_whole/1590192658109792000_mask_id.png,/data1/user/data/2026.05.10_机狗二次数据采集结果_标定/image/res_robotdog_distill_midterm/1590192658109792000_mask_id.png,327680,270985,0.8269805908203125,0.5510129939583615
1590192658209634816,/data1/user/data/2026.05.10_机狗二次数据采集结果_标定/image/res_dinov3_whole/1590192658209634816_mask_id.png,/data1/user/data/2026.05.10_机狗二次数据采集结果_标定/image/res_robotdog_distill_midterm/1590192658209634816_mask_id.png,327680,244812,0.74710693359375,0.47865677080390495
1590192658309475072,/data1/user/data/2026.05.10_机狗二次数据采集结果_标定/image/res_dinov3_whole/1590192658309475072_mask_id.png,/data1/user/data/2026.05.10_机狗二次数据采集结果_标定/image/res_robotdog_distill_midterm/1590192658309475072_mask_id.png,327680,307940,0.93975830078125,0.5893574534079596
1590192658409320960,/data1/user/data/2026.05.10_机狗二次数据采集结果_标定/image/res_dinov3_whole/1590192658409320960_mask_id.png,/data1/user/data/2026.05.10_机狗二次数据采集结果_标定/image/res_robotdog_distill_midterm/1590192658409320960_mask_id.png,327680,261112,0.7968505859375,0.5374059891113833
1590192658509966848,/data1/user/data/2026.05.10_机狗二次数据采集结果_标定/image/res_dinov3_whole/1590192658509966848_mask_id.png,/data1/user/data/2026.05.10_机狗二次数据采集结果_标定/image/res_robotdog_distill_midterm/1590192658509966848_mask_id.png,327680,279853,0.8540435791015625,0.6292873018666242
1590192658609824000,/data1/user/data/2026.05.10_机狗二次数据采集结果_标定/image/res_dinov3_whole/1590192658609824000_mask_id.png,/data1/user/data/2026.05.10_机狗二次数据采集结果_标定/image/res_robotdog_distill_midterm/1590192658609824000_mask_id.png,327680,300530,0.917144775390625,0.4517068659106831
1590192658709655808,/data1/user/data/2026.05.10_机狗二次数据采集结果_标定/image/res_dinov3_whole/1590192658709655808_mask_id.png,/data1/user/data/2026.05.10_机狗二次数据采集结果_标定/image/res_robotdog_distill_midterm/1590192658709655808_mask_id.png,327680,306552,0.9355224609375,0.7088487297556384
1590192658809499904,/data1/user/data/2026.05.10_机狗二次数据采集结果_标定/image/res_dinov3_whole/1590192658809499904_mask_id.png,/data1/user/data/2026.05.10_机狗二次数据采集结果_标定/image/res_robotdog_distill_midterm/1590192658809499904_mask_id.png,327680,275515,0.8408050537109375,0.5699172140015278
1590192658909342976,/data1/user/data/2026.05.10_机狗二次数据采集结果_标定/image/res_dinov3_whole/1590192658909342976_mask_id.png,/data1/user/data/2026.05.10_机狗二次数据采集结果_标定/image/res_robotdog_distill_midterm/1590192658909342976_mask_id.png,327680,311311,0.9500457763671875,0.7197814357852799
1590192659009979904,/data1/user/data/2026.05.10_机狗二次数据采集结果_标定/image/res_dinov3_whole/1590192659009979904_mask_id.png,/data1/user/data/2026.05.10_机狗二次数据采集结果_标定/image/res_robotdog_distill_midterm/1590192659009979904_mask_id.png,327680,295138,0.900689697265625,0.6570526720670247
1590192659109810944,/data1/user/data/2026.05.10_机狗二次数据采集结果_标定/image/res_dinov3_whole/1590192659109810944_mask_id.png,/data1/user/data/2026.05.10_机狗二次数据采集结果_标定/image/res_robotdog_distill_midterm/1590192659109810944_mask_id.png,327680,281591,0.8593475341796875,0.5944696769467414
1590192659209647872,/data1/user/data/2026.05.10_机狗二次数据采集结果_标定/image/res_dinov3_whole/1590192659209647872_mask_id.png,/data1/user/data/2026.05.10_机狗二次数据采集结果_标定/image/res_robotdog_distill_midterm/1590192659209647872_mask_id.png,327680,304086,0.927996826171875,0.7078328443046997
1590192659309472000,/data1/user/data/2026.05.10_机狗二次数据采集结果_标定/image/res_dinov3_whole/1590192659309472000_mask_id.png,/data1/user/data/2026.05.10_机狗二次数据采集结果_标定/image/res_robotdog_distill_midterm/1590192659309472000_mask_id.png,327680,274324,0.83717041015625,0.6300783827991923
1590192659409315840,/data1/user/data/2026.05.10_机狗二次数据采集结果_标定/image/res_dinov3_whole/1590192659409315840_mask_id.png,/data1/user/data/2026.05.10_机狗二次数据采集结果_标定/image/res_robotdog_distill_midterm/1590192659409315840_mask_id.png,327680,249618,0.761773681640625,0.44886875486781863
1590192659509934848,/data1/user/data/2026.05.10_机狗二次数据采集结果_标定/image/res_dinov3_whole/1590192659509934848_mask_id.png,/data1/user/data/2026.05.10_机狗二次数据采集结果_标定/image/res_robotdog_distill_midterm/1590192659509934848_mask_id.png,327680,315652,0.96329345703125,0.6639215509721228
1590192659609778944,/data1/user/data/2026.05.10_机狗二次数据采集结果_标定/image/res_dinov3_whole/1590192659609778944_mask_id.png,/data1/user/data/2026.05.10_机狗二次数据采集结果_标定/image/res_robotdog_distill_midterm/1590192659609778944_mask_id.png,327680,312861,0.9547760009765625,0.654767489351254
1590192659709618944,/data1/user/data/2026.05.10_机狗二次数据采集结果_标定/image/res_dinov3_whole/1590192659709618944_mask_id.png,/data1/user/data/2026.05.10_机狗二次数据采集结果_标定/image/res_robotdog_distill_midterm/1590192659709618944_mask_id.png,327680,286625,0.8747100830078125,0.5850630781290362
1590192659809461760,/data1/user/data/2026.05.10_机狗二次数据采集结果_标定/image/res_dinov3_whole/1590192659809461760_mask_id.png,/data1/user/data/2026.05.10_机狗二次数据采集结果_标定/image/res_robotdog_distill_midterm/1590192659809461760_mask_id.png,327680,310784,0.9484375,0.5915082005073633
1590192659909306880,/data1/user/data/2026.05.10_机狗二次数据采集结果_标定/image/res_dinov3_whole/1590192659909306880_mask_id.png,/data1/user/data/2026.05.10_机狗二次数据采集结果_标定/image/res_robotdog_distill_midterm/1590192659909306880_mask_id.png,327680,307639,0.9388397216796875,0.5853852589443961
1590192660009948928,/data1/user/data/2026.05.10_机狗二次数据采集结果_标定/image/res_dinov3_whole/1590192660009948928_mask_id.png,/data1/user/data/2026.05.10_机狗二次数据采集结果_标定/image/res_robotdog_distill_midterm/1590192660009948928_mask_id.png,327680,288968,0.8818603515625,0.4733753993055691
1590192660109776896,/data1/user/data/2026.05.10_机狗二次数据采集结果_标定/image/res_dinov3_whole/1590192660109776896_mask_id.png,/data1/user/data/2026.05.10_机狗二次数据采集结果_标定/image/res_robotdog_distill_midterm/1590192660109776896_mask_id.png,327680,287975,0.8788299560546875,0.5077635655655034
1590192660209609984,/data1/user/data/2026.05.10_机狗二次数据采集结果_标定/image/res_dinov3_whole/1590192660209609984_mask_id.png,/data1/user/data/2026.05.10_机狗二次数据采集结果_标定/image/res_robotdog_distill_midterm/1590192660209609984_mask_id.png,327680,284425,0.8679962158203125,0.6067610412230763
1590192660309440768,/data1/user/data/2026.05.10_机狗二次数据采集结果_标定/image/res_dinov3_whole/1590192660309440768_mask_id.png,/data1/user/data/2026.05.10_机狗二次数据采集结果_标定/image/res_robotdog_distill_midterm/1590192660309440768_mask_id.png,327680,307675,0.9389495849609375,0.6231538254632022
1590192660409284864,/data1/user/data/2026.05.10_机狗二次数据采集结果_标定/image/res_dinov3_whole/1590192660409284864_mask_id.png,/data1/user/data/2026.05.10_机狗二次数据采集结果_标定/image/res_robotdog_distill_midterm/1590192660409284864_mask_id.png,327680,290329,0.8860137939453125,0.5563187627667557
1590192660509931776,/data1/user/data/2026.05.10_机狗二次数据采集结果_标定/image/res_dinov3_whole/1590192660509931776_mask_id.png,/data1/user/data/2026.05.10_机狗二次数据采集结果_标定/image/res_robotdog_distill_midterm/1590192660509931776_mask_id.png,327680,285166,0.870257568359375,0.5929203172587509
1590192660609748992,/data1/user/data/2026.05.10_机狗二次数据采集结果_标定/image/res_dinov3_whole/1590192660609748992_mask_id.png,/data1/user/data/2026.05.10_机狗二次数据采集结果_标定/image/res_robotdog_distill_midterm/1590192660609748992_mask_id.png,327680,316164,0.96485595703125,0.7120619192965598
1590192660709589760,/data1/user/data/2026.05.10_机狗二次数据采集结果_标定/image/res_dinov3_whole/1590192660709589760_mask_id.png,/data1/user/data/2026.05.10_机狗二次数据采集结果_标定/image/res_robotdog_distill_midterm/1590192660709589760_mask_id.png,327680,296441,0.9046661376953125,0.4710545385544584
1590192660809424896,/data1/user/data/2026.05.10_机狗二次数据采集结果_标定/image/res_dinov3_whole/1590192660809424896_mask_id.png,/data1/user/data/2026.05.10_机狗二次数据采集结果_标定/image/res_robotdog_distill_midterm/1590192660809424896_mask_id.png,327680,312666,0.954180908203125,0.744712910296155
1590192660909657856,/data1/user/data/2026.05.10_机狗二次数据采集结果_标定/image/res_dinov3_whole/1590192660909657856_mask_id.png,/data1/user/data/2026.05.10_机狗二次数据采集结果_标定/image/res_robotdog_distill_midterm/1590192660909657856_mask_id.png,327680,249448,0.7612548828125,0.4662973199880629
1590192661009512960,/data1/user/data/2026.05.10_机狗二次数据采集结果_标定/image/res_dinov3_whole/1590192661009512960_mask_id.png,/data1/user/data/2026.05.10_机狗二次数据采集结果_标定/image/res_robotdog_distill_midterm/1590192661009512960_mask_id.png,327680,311932,0.95194091796875,0.7227244958451937
1590192661109355776,/data1/user/data/2026.05.10_机狗二次数据采集结果_标定/image/res_dinov3_whole/1590192661109355776_mask_id.png,/data1/user/data/2026.05.10_机狗二次数据采集结果_标定/image/res_robotdog_distill_midterm/1590192661109355776_mask_id.png,327680,297919,0.9091766357421875,0.49462481136493075
1590192661209604864,/data1/user/data/2026.05.10_机狗二次数据采集结果_标定/image/res_dinov3_whole/1590192661209604864_mask_id.png,/data1/user/data/2026.05.10_机狗二次数据采集结果_标定/image/res_robotdog_distill_midterm/1590192661209604864_mask_id.png,327680,304650,0.929718017578125,0.49455462003074735
1590192661409299968,/data1/user/data/2026.05.10_机狗二次数据采集结果_标定/image/res_dinov3_whole/1590192661409299968_mask_id.png,/data1/user/data/2026.05.10_机狗二次数据采集结果_标定/image/res_robotdog_distill_midterm/1590192661409299968_mask_id.png,327680,309803,0.9454437255859375,0.6015094378640772
1590192661509934848,/data1/user/data/2026.05.10_机狗二次数据采集结果_标定/image/res_dinov3_whole/1590192661509934848_mask_id.png,/data1/user/data/2026.05.10_机狗二次数据采集结果_标定/image/res_robotdog_distill_midterm/1590192661509934848_mask_id.png,327680,312026,0.952227783203125,0.4919783584494259
1590192661609777920,/data1/user/data/2026.05.10_机狗二次数据采集结果_标定/image/res_dinov3_whole/1590192661609777920_mask_id.png,/data1/user/data/2026.05.10_机狗二次数据采集结果_标定/image/res_robotdog_distill_midterm/1590192661609777920_mask_id.png,327680,310872,0.9487060546875,0.6780294543063554
1590192661709615872,/data1/user/data/2026.05.10_机狗二次数据采集结果_标定/image/res_dinov3_whole/1590192661709615872_mask_id.png,/data1/user/data/2026.05.10_机狗二次数据采集结果_标定/image/res_robotdog_distill_midterm/1590192661709615872_mask_id.png,327680,311615,0.9509735107421875,0.5197245658153127
1590192661809460992,/data1/user/data/2026.05.10_机狗二次数据采集结果_标定/image/res_dinov3_whole/1590192661809460992_mask_id.png,/data1/user/data/2026.05.10_机狗二次数据采集结果_标定/image/res_robotdog_distill_midterm/1590192661809460992_mask_id.png,327680,301263,0.9193817138671875,0.5635357100645233
1590192661909297920,/data1/user/data/2026.05.10_机狗二次数据采集结果_标定/image/res_dinov3_whole/1590192661909297920_mask_id.png,/data1/user/data/2026.05.10_机狗二次数据采集结果_标定/image/res_robotdog_distill_midterm/1590192661909297920_mask_id.png,327680,312496,0.953662109375,0.5836836907926379
1590192662009923840,/data1/user/data/2026.05.10_机狗二次数据采集结果_标定/image/res_dinov3_whole/1590192662009923840_mask_id.png,/data1/user/data/2026.05.10_机狗二次数据采集结果_标定/image/res_robotdog_distill_midterm/1590192662009923840_mask_id.png,327680,256464,0.782666015625,0.592410650932396
1590192662109752832,/data1/user/data/2026.05.10_机狗二次数据采集结果_标定/image/res_dinov3_whole/1590192662109752832_mask_id.png,/data1/user/data/2026.05.10_机狗二次数据采集结果_标定/image/res_robotdog_distill_midterm/1590192662109752832_mask_id.png,327680,314370,0.959381103515625,0.6824732583463339
1590192662209604864,/data1/user/data/2026.05.10_机狗二次数据采集结果_标定/image/res_dinov3_whole/1590192662209604864_mask_id.png,/data1/user/data/2026.05.10_机狗二次数据采集结果_标定/image/res_robotdog_distill_midterm/1590192662209604864_mask_id.png,327680,276565,0.8440093994140625,0.6170540469131561
1590192662309436928,/data1/user/data/2026.05.10_机狗二次数据采集结果_标定/image/res_dinov3_whole/1590192662309436928_mask_id.png,/data1/user/data/2026.05.10_机狗二次数据采集结果_标定/image/res_robotdog_distill_midterm/1590192662309436928_mask_id.png,327680,277320,0.8463134765625,0.631590395768204
1590192662409670912,/data1/user/data/2026.05.10_机狗二次数据采集结果_标定/image/res_dinov3_whole/1590192662409670912_mask_id.png,/data1/user/data/2026.05.10_机狗二次数据采集结果_标定/image/res_robotdog_distill_midterm/1590192662409670912_mask_id.png,327680,314089,0.9585235595703125,0.8225856100492163
1590192662509511936,/data1/user/data/2026.05.10_机狗二次数据采集结果_标定/image/res_dinov3_whole/1590192662509511936_mask_id.png,/data1/user/data/2026.05.10_机狗二次数据采集结果_标定/image/res_robotdog_distill_midterm/1590192662509511936_mask_id.png,327680,299799,0.9149139404296875,0.619012852111847
1590192662609344768,/data1/user/data/2026.05.10_机狗二次数据采集结果_标定/image/res_dinov3_whole/1590192662609344768_mask_id.png,/data1/user/data/2026.05.10_机狗二次数据采集结果_标定/image/res_robotdog_distill_midterm/1590192662609344768_mask_id.png,327680,315816,0.9637939453125,0.680344991404744
1590192662709981952,/data1/user/data/2026.05.10_机狗二次数据采集结果_标定/image/res_dinov3_whole/1590192662709981952_mask_id.png,/data1/user/data/2026.05.10_机狗二次数据采集结果_标定/image/res_robotdog_distill_midterm/1590192662709981952_mask_id.png,327680,313139,0.9556243896484375,0.7195576412049772
1590192662809816832,/data1/user/data/2026.05.10_机狗二次数据采集结果_标定/image/res_dinov3_whole/1590192662809816832_mask_id.png,/data1/user/data/2026.05.10_机狗二次数据采集结果_标定/image/res_robotdog_distill_midterm/1590192662809816832_mask_id.png,327680,299665,0.9145050048828125,0.6524081955552679
1590192662909659904,/data1/user/data/2026.05.10_机狗二次数据采集结果_标定/image/res_dinov3_whole/1590192662909659904_mask_id.png,/data1/user/data/2026.05.10_机狗二次数据采集结果_标定/image/res_robotdog_distill_midterm/1590192662909659904_mask_id.png,327680,286082,0.873052978515625,0.6408102775864714
1590192663009490944,/data1/user/data/2026.05.10_机狗二次数据采集结果_标定/image/res_dinov3_whole/1590192663009490944_mask_id.png,/data1/user/data/2026.05.10_机狗二次数据采集结果_标定/image/res_robotdog_distill_midterm/1590192663009490944_mask_id.png,327680,306234,0.934552001953125,0.6080886293596017
1590192663109334784,/data1/user/data/2026.05.10_机狗二次数据采集结果_标定/image/res_dinov3_whole/1590192663109334784_mask_id.png,/data1/user/data/2026.05.10_机狗二次数据采集结果_标定/image/res_robotdog_distill_midterm/1590192663109334784_mask_id.png,327680,300441,0.9168731689453125,0.6296285979338005
1590192663209975808,/data1/user/data/2026.05.10_机狗二次数据采集结果_标定/image/res_dinov3_whole/1590192663209975808_mask_id.png,/data1/user/data/2026.05.10_机狗二次数据采集结果_标定/image/res_robotdog_distill_midterm/1590192663209975808_mask_id.png,327680,276465,0.8437042236328125,0.6041727931062831
1590192663309822976,/data1/user/data/2026.05.10_机狗二次数据采集结果_标定/image/res_dinov3_whole/1590192663309822976_mask_id.png,/data1/user/data/2026.05.10_机狗二次数据采集结果_标定/image/res_robotdog_distill_midterm/1590192663309822976_mask_id.png,327680,275130,0.839630126953125,0.5733038869868219
1590192663509521920,/data1/user/data/2026.05.10_机狗二次数据采集结果_标定/image/res_dinov3_whole/1590192663509521920_mask_id.png,/data1/user/data/2026.05.10_机狗二次数据采集结果_标定/image/res_robotdog_distill_midterm/1590192663509521920_mask_id.png,327680,305301,0.9317047119140625,0.5372161988812527
1590192663609377792,/data1/user/data/2026.05.10_机狗二次数据采集结果_标定/image/res_dinov3_whole/1590192663609377792_mask_id.png,/data1/user/data/2026.05.10_机狗二次数据采集结果_标定/image/res_robotdog_distill_midterm/1590192663609377792_mask_id.png,327680,310255,0.9468231201171875,0.7006160481143322
1590192663809829888,/data1/user/data/2026.05.10_机狗二次数据采集结果_标定/image/res_dinov3_whole/1590192663809829888_mask_id.png,/data1/user/data/2026.05.10_机狗二次数据采集结果_标定/image/res_robotdog_distill_midterm/1590192663809829888_mask_id.png,327680,299145,0.9129180908203125,0.740250094967049
1590192664009495808,/data1/user/data/2026.05.10_机狗二次数据采集结果_标定/image/res_dinov3_whole/1590192664009495808_mask_id.png,/data1/user/data/2026.05.10_机狗二次数据采集结果_标定/image/res_robotdog_distill_midterm/1590192664009495808_mask_id.png,327680,273406,0.834368896484375,0.577485330167949
1590192664109330944,/data1/user/data/2026.05.10_机狗二次数据采集结果_标定/image/res_dinov3_whole/1590192664109330944_mask_id.png,/data1/user/data/2026.05.10_机狗二次数据采集结果_标定/image/res_robotdog_distill_midterm/1590192664109330944_mask_id.png,327680,281769,0.8598907470703125,0.5281586299695141
1590192664209967872,/data1/user/data/2026.05.10_机狗二次数据采集结果_标定/image/res_dinov3_whole/1590192664209967872_mask_id.png,/data1/user/data/2026.05.10_机狗二次数据采集结果_标定/image/res_robotdog_distill_midterm/1590192664209967872_mask_id.png,327680,302168,0.9221435546875,0.6603518745345277
1590192664409664768,/data1/user/data/2026.05.10_机狗二次数据采集结果_标定/image/res_dinov3_whole/1590192664409664768_mask_id.png,/data1/user/data/2026.05.10_机狗二次数据采集结果_标定/image/res_robotdog_distill_midterm/1590192664409664768_mask_id.png,327680,295137,0.9006866455078125,0.5956594516752166
1590192664509495808,/data1/user/data/2026.05.10_机狗二次数据采集结果_标定/image/res_dinov3_whole/1590192664509495808_mask_id.png,/data1/user/data/2026.05.10_机狗二次数据采集结果_标定/image/res_robotdog_distill_midterm/1590192664509495808_mask_id.png,327680,304654,0.929730224609375,0.561301093738618
1590192664609335808,/data1/user/data/2026.05.10_机狗二次数据采集结果_标定/image/res_dinov3_whole/1590192664609335808_mask_id.png,/data1/user/data/2026.05.10_机狗二次数据采集结果_标定/image/res_robotdog_distill_midterm/1590192664609335808_mask_id.png,327680,306038,0.933953857421875,0.5686199350189401
1590192664709974784,/data1/user/data/2026.05.10_机狗二次数据采集结果_标定/image/res_dinov3_whole/1590192664709974784_mask_id.png,/data1/user/data/2026.05.10_机狗二次数据采集结果_标定/image/res_robotdog_distill_midterm/1590192664709974784_mask_id.png,327680,316061,0.9645416259765625,0.4728487865803674
1590192665009501952,/data1/user/data/2026.05.10_机狗二次数据采集结果_标定/image/res_dinov3_whole/1590192665009501952_mask_id.png,/data1/user/data/2026.05.10_机狗二次数据采集结果_标定/image/res_robotdog_distill_midterm/1590192665009501952_mask_id.png,327680,282292,0.86148681640625,0.5233446601169613
1590192665109341952,/data1/user/data/2026.05.10_机狗二次数据采集结果_标定/image/res_dinov3_whole/1590192665109341952_mask_id.png,/data1/user/data/2026.05.10_机狗二次数据采集结果_标定/image/res_robotdog_distill_midterm/1590192665109341952_mask_id.png,327680,284258,0.867486572265625,0.5040571484506953
1590192665209973760,/data1/user/data/2026.05.10_机狗二次数据采集结果_标定/image/res_dinov3_whole/1590192665209973760_mask_id.png,/data1/user/data/2026.05.10_机狗二次数据采集结果_标定/image/res_robotdog_distill_midterm/1590192665209973760_mask_id.png,327680,308442,0.941290283203125,0.6988815744169901
1590192665309801216,/data1/user/data/2026.05.10_机狗二次数据采集结果_标定/image/res_dinov3_whole/1590192665309801216_mask_id.png,/data1/user/data/2026.05.10_机狗二次数据采集结果_标定/image/res_robotdog_distill_midterm/1590192665309801216_mask_id.png,327680,307149,0.9373443603515625,0.5643302562717711
1590192665509484800,/data1/user/data/2026.05.10_机狗二次数据采集结果_标定/image/res_dinov3_whole/1590192665509484800_mask_id.png,/data1/user/data/2026.05.10_机狗二次数据采集结果_标定/image/res_robotdog_distill_midterm/1590192665509484800_mask_id.png,327680,312985,0.9551544189453125,0.8614583480300664
1590192665609313792,/data1/user/data/2026.05.10_机狗二次数据采集结果_标定/image/res_dinov3_whole/1590192665609313792_mask_id.png,/data1/user/data/2026.05.10_机狗二次数据采集结果_标定/image/res_robotdog_distill_midterm/1590192665609313792_mask_id.png,327680,281885,0.8602447509765625,0.7400736687607649
1590192665709949952,/data1/user/data/2026.05.10_机狗二次数据采集结果_标定/image/res_dinov3_whole/1590192665709949952_mask_id.png,/data1/user/data/2026.05.10_机狗二次数据采集结果_标定/image/res_robotdog_distill_midterm/1590192665709949952_mask_id.png,327680,316255,0.9651336669921875,0.7873092463300586
1590192665809786880,/data1/user/data/2026.05.10_机狗二次数据采集结果_标定/image/res_dinov3_whole/1590192665809786880_mask_id.png,/data1/user/data/2026.05.10_机狗二次数据采集结果_标定/image/res_robotdog_distill_midterm/1590192665809786880_mask_id.png,327680,315595,0.9631195068359375,0.7891807179699943
1590192665909634816,/data1/user/data/2026.05.10_机狗二次数据采集结果_标定/image/res_dinov3_whole/1590192665909634816_mask_id.png,/data1/user/data/2026.05.10_机狗二次数据采集结果_标定/image/res_robotdog_distill_midterm/1590192665909634816_mask_id.png,327680,274107,0.8365081787109375,0.6602431732333136
1590192666209958912,/data1/user/data/2026.05.10_机狗二次数据采集结果_标定/image/res_dinov3_whole/1590192666209958912_mask_id.png,/data1/user/data/2026.05.10_机狗二次数据采集结果_标定/image/res_robotdog_distill_midterm/1590192666209958912_mask_id.png,327680,312281,0.9530059814453125,0.733169667873507
1590192666309784832,/data1/user/data/2026.05.10_机狗二次数据采集结果_标定/image/res_dinov3_whole/1590192666309784832_mask_id.png,/data1/user/data/2026.05.10_机狗二次数据采集结果_标定/image/res_robotdog_distill_midterm/1590192666309784832_mask_id.png,327680,316321,0.9653350830078125,0.8367489971361209
1590192666409629952,/data1/user/data/2026.05.10_机狗二次数据采集结果_标定/image/res_dinov3_whole/1590192666409629952_mask_id.png,/data1/user/data/2026.05.10_机狗二次数据采集结果_标定/image/res_robotdog_distill_midterm/1590192666409629952_mask_id.png,327680,280632,0.8564208984375,0.7612833021466748
1590192666509464832,/data1/user/data/2026.05.10_机狗二次数据采集结果_标定/image/res_dinov3_whole/1590192666509464832_mask_id.png,/data1/user/data/2026.05.10_机狗二次数据采集结果_标定/image/res_robotdog_distill_midterm/1590192666509464832_mask_id.png,327680,310456,0.9474365234375,0.6035357589174256
1590192666709935872,/data1/user/data/2026.05.10_机狗二次数据采集结果_标定/image/res_dinov3_whole/1590192666709935872_mask_id.png,/data1/user/data/2026.05.10_机狗二次数据采集结果_标定/image/res_robotdog_distill_midterm/1590192666709935872_mask_id.png,327680,302730,0.923858642578125,0.6083922381539478
1590192666809772800,/data1/user/data/2026.05.10_机狗二次数据采集结果_标定/image/res_dinov3_whole/1590192666809772800_mask_id.png,/data1/user/data/2026.05.10_机狗二次数据采集结果_标定/image/res_robotdog_distill_midterm/1590192666809772800_mask_id.png,327680,314486,0.959735107421875,0.6825712373165247
1590192667209942784,/data1/user/data/2026.05.10_机狗二次数据采集结果_标定/image/res_dinov3_whole/1590192667209942784_mask_id.png,/data1/user/data/2026.05.10_机狗二次数据采集结果_标定/image/res_robotdog_distill_midterm/1590192667209942784_mask_id.png,327680,299705,0.9146270751953125,0.6995107228160704
1590192667309797888,/data1/user/data/2026.05.10_机狗二次数据采集结果_标定/image/res_dinov3_whole/1590192667309797888_mask_id.png,/data1/user/data/2026.05.10_机狗二次数据采集结果_标定/image/res_robotdog_distill_midterm/1590192667309797888_mask_id.png,327680,315050,0.961456298828125,0.6105402252911324
1590192667409642752,/data1/user/data/2026.05.10_机狗二次数据采集结果_标定/image/res_dinov3_whole/1590192667409642752_mask_id.png,/data1/user/data/2026.05.10_机狗二次数据采集结果_标定/image/res_robotdog_distill_midterm/1590192667409642752_mask_id.png,327680,259635,0.7923431396484375,0.5710331257454193
1590192667709967872,/data1/user/data/2026.05.10_机狗二次数据采集结果_标定/image/res_dinov3_whole/1590192667709967872_mask_id.png,/data1/user/data/2026.05.10_机狗二次数据采集结果_标定/image/res_robotdog_distill_midterm/1590192667709967872_mask_id.png,327680,305463,0.9321990966796875,0.6011323681199472
1590192668009490944,/data1/user/data/2026.05.10_机狗二次数据采集结果_标定/image/res_dinov3_whole/1590192668009490944_mask_id.png,/data1/user/data/2026.05.10_机狗二次数据采集结果_标定/image/res_robotdog_distill_midterm/1590192668009490944_mask_id.png,327680,270834,0.826519775390625,0.5241286864031612
1590192668209983744,/data1/user/data/2026.05.10_机狗二次数据采集结果_标定/image/res_dinov3_whole/1590192668209983744_mask_id.png,/data1/user/data/2026.05.10_机狗二次数据采集结果_标定/image/res_robotdog_distill_midterm/1590192668209983744_mask_id.png,327680,268257,0.8186553955078125,0.5351922973323895
1590192668509505792,/data1/user/data/2026.05.10_机狗二次数据采集结果_标定/image/res_dinov3_whole/1590192668509505792_mask_id.png,/data1/user/data/2026.05.10_机狗二次数据采集结果_标定/image/res_robotdog_distill_midterm/1590192668509505792_mask_id.png,327680,266377,0.8129180908203125,0.6203021224161135
1590192668909654784,/data1/user/data/2026.05.10_机狗二次数据采集结果_标定/image/res_dinov3_whole/1590192668909654784_mask_id.png,/data1/user/data/2026.05.10_机狗二次数据采集结果_标定/image/res_robotdog_distill_midterm/1590192668909654784_mask_id.png,327680,317393,0.9686065673828125,0.6957756202612737
1590192669109319936,/data1/user/data/2026.05.10_机狗二次数据采集结果_标定/image/res_dinov3_whole/1590192669109319936_mask_id.png,/data1/user/data/2026.05.10_机狗二次数据采集结果_标定/image/res_robotdog_distill_midterm/1590192669109319936_mask_id.png,327680,317142,0.967840576171875,0.6861131320366705
1590192669509464832,/data1/user/data/2026.05.10_机狗二次数据采集结果_标定/image/res_dinov3_whole/1590192669509464832_mask_id.png,/data1/user/data/2026.05.10_机狗二次数据采集结果_标定/image/res_robotdog_distill_midterm/1590192669509464832_mask_id.png,327680,310621,0.9479400634765625,0.650422130798232
1590192669709921792,/data1/user/data/2026.05.10_机狗二次数据采集结果_标定/image/res_dinov3_whole/1590192669709921792_mask_id.png,/data1/user/data/2026.05.10_机狗二次数据采集结果_标定/image/res_robotdog_distill_midterm/1590192669709921792_mask_id.png,327680,303176,0.9252197265625,0.5308567620165554
1590192670209955840,/data1/user/data/2026.05.10_机狗二次数据采集结果_标定/image/res_dinov3_whole/1590192670209955840_mask_id.png,/data1/user/data/2026.05.10_机狗二次数据采集结果_标定/image/res_robotdog_distill_midterm/1590192670209955840_mask_id.png,327680,317247,0.9681610107421875,0.5956600435132811
1590192670309813760,/data1/user/data/2026.05.10_机狗二次数据采集结果_标定/image/res_dinov3_whole/1590192670309813760_mask_id.png,/data1/user/data/2026.05.10_机狗二次数据采集结果_标定/image/res_robotdog_distill_midterm/1590192670309813760_mask_id.png,327680,253632,0.7740234375,0.5829108275035156
1590192670509497856,/data1/user/data/2026.05.10_机狗二次数据采集结果_标定/image/res_dinov3_whole/1590192670509497856_mask_id.png,/data1/user/data/2026.05.10_机狗二次数据采集结果_标定/image/res_robotdog_distill_midterm/1590192670509497856_mask_id.png,327680,316223,0.9650360107421875,0.7022462429230288
1590192671809460992,/data1/user/data/2026.05.10_机狗二次数据采集结果_标定/image/res_dinov3_whole/1590192671809460992_mask_id.png,/data1/user/data/2026.05.10_机狗二次数据采集结果_标定/image/res_robotdog_distill_midterm/1590192671809460992_mask_id.png,327680,316675,0.9664154052734375,0.7009087429401963
1590192672109783808,/data1/user/data/2026.05.10_机狗二次数据采集结果_标定/image/res_dinov3_whole/1590192672109783808_mask_id.png,/data1/user/data/2026.05.10_机狗二次数据采集结果_标定/image/res_robotdog_distill_midterm/1590192672109783808_mask_id.png,327680,312999,0.9551971435546875,0.6482714270936142
1590192672509958144,/data1/user/data/2026.05.10_机狗二次数据采集结果_标定/image/res_dinov3_whole/1590192672509958144_mask_id.png,/data1/user/data/2026.05.10_机狗二次数据采集结果_标定/image/res_robotdog_distill_midterm/1590192672509958144_mask_id.png,327680,279778,0.853814697265625,0.6698830504879463
1590192672609819904,/data1/user/data/2026.05.10_机狗二次数据采集结果_标定/image/res_dinov3_whole/1590192672609819904_mask_id.png,/data1/user/data/2026.05.10_机狗二次数据采集结果_标定/image/res_robotdog_distill_midterm/1590192672609819904_mask_id.png,327680,252947,0.7719329833984375,0.5173444967119234
1590192673109834752,/data1/user/data/2026.05.10_机狗二次数据采集结果_标定/image/res_dinov3_whole/1590192673109834752_mask_id.png,/data1/user/data/2026.05.10_机狗二次数据采集结果_标定/image/res_robotdog_distill_midterm/1590192673109834752_mask_id.png,327680,302583,0.9234100341796875,0.6195162242133982
1590192673309483776,/data1/user/data/2026.05.10_机狗二次数据采集结果_标定/image/res_dinov3_whole/1590192673309483776_mask_id.png,/data1/user/data/2026.05.10_机狗二次数据采集结果_标定/image/res_robotdog_distill_midterm/1590192673309483776_mask_id.png,327680,243277,0.7424224853515625,0.617576473543134
1590192673509967872,/data1/user/data/2026.05.10_机狗二次数据采集结果_标定/image/res_dinov3_whole/1590192673509967872_mask_id.png,/data1/user/data/2026.05.10_机狗二次数据采集结果_标定/image/res_robotdog_distill_midterm/1590192673509967872_mask_id.png,327680,239528,0.7309814453125,0.47647467468730276
1590192674209592832,/data1/user/data/2026.05.10_机狗二次数据采集结果_标定/image/res_dinov3_whole/1590192674209592832_mask_id.png,/data1/user/data/2026.05.10_机狗二次数据采集结果_标定/image/res_robotdog_distill_midterm/1590192674209592832_mask_id.png,327680,253035,0.7722015380859375,0.7188114376331508
1590192675409286144,/data1/user/data/2026.05.10_机狗二次数据采集结果_标定/image/res_dinov3_whole/1590192675409286144_mask_id.png,/data1/user/data/2026.05.10_机狗二次数据采集结果_标定/image/res_robotdog_distill_midterm/1590192675409286144_mask_id.png,327680,275432,0.8405517578125,0.5257817299391006
1590192675809441792,/data1/user/data/2026.05.10_机狗二次数据采集结果_标定/image/res_dinov3_whole/1590192675809441792_mask_id.png,/data1/user/data/2026.05.10_机狗二次数据采集结果_标定/image/res_robotdog_distill_midterm/1590192675809441792_mask_id.png,327680,233871,0.7137176513671875,0.5925530453487174
1590192675909661952,/data1/user/data/2026.05.10_机狗二次数据采集结果_标定/image/res_dinov3_whole/1590192675909661952_mask_id.png,/data1/user/data/2026.05.10_机狗二次数据采集结果_标定/image/res_robotdog_distill_midterm/1590192675909661952_mask_id.png,327680,315680,0.96337890625,0.6419198563094368
1590192676509496832,/data1/user/data/2026.05.10_机狗二次数据采集结果_标定/image/res_dinov3_whole/1590192676509496832_mask_id.png,/data1/user/data/2026.05.10_机狗二次数据采集结果_标定/image/res_robotdog_distill_midterm/1590192676509496832_mask_id.png,327680,311477,0.9505523681640625,0.721956937347286
1590192676709965824,/data1/user/data/2026.05.10_机狗二次数据采集结果_标定/image/res_dinov3_whole/1590192676709965824_mask_id.png,/data1/user/data/2026.05.10_机狗二次数据采集结果_标定/image/res_robotdog_distill_midterm/1590192676709965824_mask_id.png,327680,280475,0.8559417724609375,0.5101123670441319
1590192677009479936,/data1/user/data/2026.05.10_机狗二次数据采集结果_标定/image/res_dinov3_whole/1590192677009479936_mask_id.png,/data1/user/data/2026.05.10_机狗二次数据采集结果_标定/image/res_robotdog_distill_midterm/1590192677009479936_mask_id.png,327680,316504,0.9658935546875,0.6834985289944296
1590192677209956864,/data1/user/data/2026.05.10_机狗二次数据采集结果_标定/image/res_dinov3_whole/1590192677209956864_mask_id.png,/data1/user/data/2026.05.10_机狗二次数据采集结果_标定/image/res_robotdog_distill_midterm/1590192677209956864_mask_id.png,327680,258409,0.7886016845703125,0.5591308617044487
1590192677509470976,/data1/user/data/2026.05.10_机狗二次数据采集结果_标定/image/res_dinov3_whole/1590192677509470976_mask_id.png,/data1/user/data/2026.05.10_机狗二次数据采集结果_标定/image/res_robotdog_distill_midterm/1590192677509470976_mask_id.png,327680,309232,0.943701171875,0.6991450833239811
1590192677709947904,/data1/user/data/2026.05.10_机狗二次数据采集结果_标定/image/res_dinov3_whole/1590192677709947904_mask_id.png,/data1/user/data/2026.05.10_机狗二次数据采集结果_标定/image/res_robotdog_distill_midterm/1590192677709947904_mask_id.png,327680,294547,0.8988861083984375,0.6896684858391712
1590192677809793792,/data1/user/data/2026.05.10_机狗二次数据采集结果_标定/image/res_dinov3_whole/1590192677809793792_mask_id.png,/data1/user/data/2026.05.10_机狗二次数据采集结果_标定/image/res_robotdog_distill_midterm/1590192677809793792_mask_id.png,327680,315401,0.9625274658203125,0.6202370012929876
1590192677909640960,/data1/user/data/2026.05.10_机狗二次数据采集结果_标定/image/res_dinov3_whole/1590192677909640960_mask_id.png,/data1/user/data/2026.05.10_机狗二次数据采集结果_标定/image/res_robotdog_distill_midterm/1590192677909640960_mask_id.png,327680,314610,0.960113525390625,0.6901269119230672
1590192678009483776,/data1/user/data/2026.05.10_机狗二次数据采集结果_标定/image/res_dinov3_whole/1590192678009483776_mask_id.png,/data1/user/data/2026.05.10_机狗二次数据采集结果_标定/image/res_robotdog_distill_midterm/1590192678009483776_mask_id.png,327680,255443,0.7795501708984375,0.6384980635086484
1590192678309796864,/data1/user/data/2026.05.10_机狗二次数据采集结果_标定/image/res_dinov3_whole/1590192678309796864_mask_id.png,/data1/user/data/2026.05.10_机狗二次数据采集结果_标定/image/res_robotdog_distill_midterm/1590192678309796864_mask_id.png,327680,315401,0.9625274658203125,0.6806884794234481
1590192678609321984,/data1/user/data/2026.05.10_机狗二次数据采集结果_标定/image/res_dinov3_whole/1590192678609321984_mask_id.png,/data1/user/data/2026.05.10_机狗二次数据采集结果_标定/image/res_robotdog_distill_midterm/1590192678609321984_mask_id.png,327680,304984,0.9307373046875,0.607429785614995
1590192678709953792,/data1/user/data/2026.05.10_机狗二次数据采集结果_标定/image/res_dinov3_whole/1590192678709953792_mask_id.png,/data1/user/data/2026.05.10_机狗二次数据采集结果_标定/image/res_robotdog_distill_midterm/1590192678709953792_mask_id.png,327680,309535,0.9446258544921875,0.8321799237568295
1590192678809790976,/data1/user/data/2026.05.10_机狗二次数据采集结果_标定/image/res_dinov3_whole/1590192678809790976_mask_id.png,/data1/user/data/2026.05.10_机狗二次数据采集结果_标定/image/res_robotdog_distill_midterm/1590192678809790976_mask_id.png,327680,313336,0.9562255859375,0.6657420079518299
1590192679609328896,/data1/user/data/2026.05.10_机狗二次数据采集结果_标定/image/res_dinov3_whole/1590192679609328896_mask_id.png,/data1/user/data/2026.05.10_机狗二次数据采集结果_标定/image/res_robotdog_distill_midterm/1590192679609328896_mask_id.png,327680,314432,0.9595703125,0.8394236446034788
1590192679909647872,/data1/user/data/2026.05.10_机狗二次数据采集结果_标定/image/res_dinov3_whole/1590192679909647872_mask_id.png,/data1/user/data/2026.05.10_机狗二次数据采集结果_标定/image/res_robotdog_distill_midterm/1590192679909647872_mask_id.png,327680,298992,0.912451171875,0.661396312047653
1590192680009494784,/data1/user/data/2026.05.10_机狗二次数据采集结果_标定/image/res_dinov3_whole/1590192680009494784_mask_id.png,/data1/user/data/2026.05.10_机狗二次数据采集结果_标定/image/res_robotdog_distill_midterm/1590192680009494784_mask_id.png,327680,309835,0.9455413818359375,0.7953844725598275
1590192680209990912,/data1/user/data/2026.05.10_机狗二次数据采集结果_标定/image/res_dinov3_whole/1590192680209990912_mask_id.png,/data1/user/data/2026.05.10_机狗二次数据采集结果_标定/image/res_robotdog_distill_midterm/1590192680209990912_mask_id.png,327680,316488,0.9658447265625,0.6612904258937158
1590192680409675008,/data1/user/data/2026.05.10_机狗二次数据采集结果_标定/image/res_dinov3_whole/1590192680409675008_mask_id.png,/data1/user/data/2026.05.10_机狗二次数据采集结果_标定/image/res_robotdog_distill_midterm/1590192680409675008_mask_id.png,327680,314212,0.95889892578125,0.7066681652269869
1590192680509514752,/data1/user/data/2026.05.10_机狗二次数据采集结果_标定/image/res_dinov3_whole/1590192680509514752_mask_id.png,/data1/user/data/2026.05.10_机狗二次数据采集结果_标定/image/res_robotdog_distill_midterm/1590192680509514752_mask_id.png,327680,312865,0.9547882080078125,0.7640522772145888
1590192680609356800,/data1/user/data/2026.05.10_机狗二次数据采集结果_标定/image/res_dinov3_whole/1590192680609356800_mask_id.png,/data1/user/data/2026.05.10_机狗二次数据采集结果_标定/image/res_robotdog_distill_midterm/1590192680609356800_mask_id.png,327680,316834,0.966900634765625,0.7348146333736161
1590192680809825792,/data1/user/data/2026.05.10_机狗二次数据采集结果_标定/image/res_dinov3_whole/1590192680809825792_mask_id.png,/data1/user/data/2026.05.10_机狗二次数据采集结果_标定/image/res_robotdog_distill_midterm/1590192680809825792_mask_id.png,327680,311251,0.9498626708984375,0.8149108640807816
1590192681109353984,/data1/user/data/2026.05.10_机狗二次数据采集结果_标定/image/res_dinov3_whole/1590192681109353984_mask_id.png,/data1/user/data/2026.05.10_机狗二次数据采集结果_标定/image/res_robotdog_distill_midterm/1590192681109353984_mask_id.png,327680,266392,0.8129638671875,0.7017406481181757
1590192681209995776,/data1/user/data/2026.05.10_机狗二次数据采集结果_标定/image/res_dinov3_whole/1590192681209995776_mask_id.png,/data1/user/data/2026.05.10_机狗二次数据采集结果_标定/image/res_robotdog_distill_midterm/1590192681209995776_mask_id.png,327680,316684,0.96644287109375,0.7739764703680205
1590192681409679872,/data1/user/data/2026.05.10_机狗二次数据采集结果_标定/image/res_dinov3_whole/1590192681409679872_mask_id.png,/data1/user/data/2026.05.10_机狗二次数据采集结果_标定/image/res_robotdog_distill_midterm/1590192681409679872_mask_id.png,327680,316190,0.964935302734375,0.8410514847708684
1590192681609364992,/data1/user/data/2026.05.10_机狗二次数据采集结果_标定/image/res_dinov3_whole/1590192681609364992_mask_id.png,/data1/user/data/2026.05.10_机狗二次数据采集结果_标定/image/res_robotdog_distill_midterm/1590192681609364992_mask_id.png,327680,315452,0.96268310546875,0.6837352634147051
1590192681909668864,/data1/user/data/2026.05.10_机狗二次数据采集结果_标定/image/res_dinov3_whole/1590192681909668864_mask_id.png,/data1/user/data/2026.05.10_机狗二次数据采集结果_标定/image/res_robotdog_distill_midterm/1590192681909668864_mask_id.png,327680,312009,0.9521759033203125,0.8049072636132699
1590192682009495808,/data1/user/data/2026.05.10_机狗二次数据采集结果_标定/image/res_dinov3_whole/1590192682009495808_mask_id.png,/data1/user/data/2026.05.10_机狗二次数据采集结果_标定/image/res_robotdog_distill_midterm/1590192682009495808_mask_id.png,327680,316242,0.965093994140625,0.7816458225849247
1590192682909675776,/data1/user/data/2026.05.10_机狗二次数据采集结果_标定/image/res_dinov3_whole/1590192682909675776_mask_id.png,/data1/user/data/2026.05.10_机狗二次数据采集结果_标定/image/res_robotdog_distill_midterm/1590192682909675776_mask_id.png,327680,307120,0.937255859375,0.711368427363267
1590192683109363200,/data1/user/data/2026.05.10_机狗二次数据采集结果_标定/image/res_dinov3_whole/1590192683109363200_mask_id.png,/data1/user/data/2026.05.10_机狗二次数据采集结果_标定/image/res_robotdog_distill_midterm/1590192683109363200_mask_id.png,327680,306453,0.9352203369140625,0.7713067357094562
1590192683209608192,/data1/user/data/2026.05.10_机狗二次数据采集结果_标定/image/res_dinov3_whole/1590192683209608192_mask_id.png,/data1/user/data/2026.05.10_机狗二次数据采集结果_标定/image/res_robotdog_distill_midterm/1590192683209608192_mask_id.png,327680,262622,0.801458740234375,0.6134757691621745
1590192683409298944,/data1/user/data/2026.05.10_机狗二次数据采集结果_标定/image/res_dinov3_whole/1590192683409298944_mask_id.png,/data1/user/data/2026.05.10_机狗二次数据采集结果_标定/image/res_robotdog_distill_midterm/1590192683409298944_mask_id.png,327680,299950,0.915374755859375,0.6802628456375748
1590192683809454848,/data1/user/data/2026.05.10_机狗二次数据采集结果_标定/image/res_dinov3_whole/1590192683809454848_mask_id.png,/data1/user/data/2026.05.10_机狗二次数据采集结果_标定/image/res_robotdog_distill_midterm/1590192683809454848_mask_id.png,327680,273695,0.8352508544921875,0.6957452630985184
1590192684309438976,/data1/user/data/2026.05.10_机狗二次数据采集结果_标定/image/res_dinov3_whole/1590192684309438976_mask_id.png,/data1/user/data/2026.05.10_机狗二次数据采集结果_标定/image/res_robotdog_distill_midterm/1590192684309438976_mask_id.png,327680,308229,0.9406402587890625,0.6563711612621312
1590192684509525760,/data1/user/data/2026.05.10_机狗二次数据采集结果_标定/image/res_dinov3_whole/1590192684509525760_mask_id.png,/data1/user/data/2026.05.10_机狗二次数据采集结果_标定/image/res_robotdog_distill_midterm/1590192684509525760_mask_id.png,327680,300392,0.9167236328125,0.3986399698940399
1590192684609354752,/data1/user/data/2026.05.10_机狗二次数据采集结果_标定/image/res_dinov3_whole/1590192684609354752_mask_id.png,/data1/user/data/2026.05.10_机狗二次数据采集结果_标定/image/res_robotdog_distill_midterm/1590192684609354752_mask_id.png,327680,280387,0.8556732177734375,0.5227263286162316
1590192684709981952,/data1/user/data/2026.05.10_机狗二次数据采集结果_标定/image/res_dinov3_whole/1590192684709981952_mask_id.png,/data1/user/data/2026.05.10_机狗二次数据采集结果_标定/image/res_robotdog_distill_midterm/1590192684709981952_mask_id.png,327680,309184,0.9435546875,0.803281883508692
1590192684809817856,/data1/user/data/2026.05.10_机狗二次数据采集结果_标定/image/res_dinov3_whole/1590192684809817856_mask_id.png,/data1/user/data/2026.05.10_机狗二次数据采集结果_标定/image/res_robotdog_distill_midterm/1590192684809817856_mask_id.png,327680,264995,0.8087005615234375,0.6568994320531116
1590192685509447936,/data1/user/data/2026.05.10_机狗二次数据采集结果_标定/image/res_dinov3_whole/1590192685509447936_mask_id.png,/data1/user/data/2026.05.10_机狗二次数据采集结果_标定/image/res_robotdog_distill_midterm/1590192685509447936_mask_id.png,327680,276894,0.845013427734375,0.43751253062240775
1590192685609286912,/data1/user/data/2026.05.10_机狗二次数据采集结果_标定/image/res_dinov3_whole/1590192685609286912_mask_id.png,/data1/user/data/2026.05.10_机狗二次数据采集结果_标定/image/res_robotdog_distill_midterm/1590192685609286912_mask_id.png,327680,265057,0.8088897705078125,0.6331256493338133
1590192685709936896,/data1/user/data/2026.05.10_机狗二次数据采集结果_标定/image/res_dinov3_whole/1590192685709936896_mask_id.png,/data1/user/data/2026.05.10_机狗二次数据采集结果_标定/image/res_robotdog_distill_midterm/1590192685709936896_mask_id.png,327680,258808,0.7898193359375,0.5739331303304462
1590192685809771776,/data1/user/data/2026.05.10_机狗二次数据采集结果_标定/image/res_dinov3_whole/1590192685809771776_mask_id.png,/data1/user/data/2026.05.10_机狗二次数据采集结果_标定/image/res_robotdog_distill_midterm/1590192685809771776_mask_id.png,327680,310783,0.9484344482421875,0.693029714450485
1590192686009452800,/data1/user/data/2026.05.10_机狗二次数据采集结果_标定/image/res_dinov3_whole/1590192686009452800_mask_id.png,/data1/user/data/2026.05.10_机狗二次数据采集结果_标定/image/res_robotdog_distill_midterm/1590192686009452800_mask_id.png,327680,265069,0.8089263916015625,0.6338940215104361
1590192686109290752,/data1/user/data/2026.05.10_机狗二次数据采集结果_标定/image/res_dinov3_whole/1590192686109290752_mask_id.png,/data1/user/data/2026.05.10_机狗二次数据采集结果_标定/image/res_robotdog_distill_midterm/1590192686109290752_mask_id.png,327680,261641,0.7984649658203125,0.6343461049911634
1590192686309761792,/data1/user/data/2026.05.10_机狗二次数据采集结果_标定/image/res_dinov3_whole/1590192686309761792_mask_id.png,/data1/user/data/2026.05.10_机狗二次数据采集结果_标定/image/res_robotdog_distill_midterm/1590192686309761792_mask_id.png,327680,263639,0.8045623779296875,0.3870066601344514
1590192686509463808,/data1/user/data/2026.05.10_机狗二次数据采集结果_标定/image/res_dinov3_whole/1590192686509463808_mask_id.png,/data1/user/data/2026.05.10_机狗二次数据采集结果_标定/image/res_robotdog_distill_midterm/1590192686509463808_mask_id.png,327680,309497,0.9445098876953125,0.541650784823918
1590192686609293824,/data1/user/data/2026.05.10_机狗二次数据采集结果_标定/image/res_dinov3_whole/1590192686609293824_mask_id.png,/data1/user/data/2026.05.10_机狗二次数据采集结果_标定/image/res_robotdog_distill_midterm/1590192686609293824_mask_id.png,327680,315262,0.962103271484375,0.6676098983837031
1590192686709925888,/data1/user/data/2026.05.10_机狗二次数据采集结果_标定/image/res_dinov3_whole/1590192686709925888_mask_id.png,/data1/user/data/2026.05.10_机狗二次数据采集结果_标定/image/res_robotdog_distill_midterm/1590192686709925888_mask_id.png,327680,271639,0.8289764404296875,0.5943105689910821
1590192686809763840,/data1/user/data/2026.05.10_机狗二次数据采集结果_标定/image/res_dinov3_whole/1590192686809763840_mask_id.png,/data1/user/data/2026.05.10_机狗二次数据采集结果_标定/image/res_robotdog_distill_midterm/1590192686809763840_mask_id.png,327680,286207,0.8734344482421875,0.5103926981674672
1590192686909592832,/data1/user/data/2026.05.10_机狗二次数据采集结果_标定/image/res_dinov3_whole/1590192686909592832_mask_id.png,/data1/user/data/2026.05.10_机狗二次数据采集结果_标定/image/res_robotdog_distill_midterm/1590192686909592832_mask_id.png,327680,296320,0.904296875,0.5261636042257078
1590192687209927936,/data1/user/data/2026.05.10_机狗二次数据采集结果_标定/image/res_dinov3_whole/1590192687209927936_mask_id.png,/data1/user/data/2026.05.10_机狗二次数据采集结果_标定/image/res_robotdog_distill_midterm/1590192687209927936_mask_id.png,327680,310067,0.9462493896484375,0.6335323655093297
1590192688109668864,/data1/user/data/2026.05.10_机狗二次数据采集结果_标定/image/res_dinov3_whole/1590192688109668864_mask_id.png,/data1/user/data/2026.05.10_机狗二次数据采集结果_标定/image/res_robotdog_distill_midterm/1590192688109668864_mask_id.png,327680,317526,0.969012451171875,0.4852173827586736
1590192688709500928,/data1/user/data/2026.05.10_机狗二次数据采集结果_标定/image/res_dinov3_whole/1590192688709500928_mask_id.png,/data1/user/data/2026.05.10_机狗二次数据采集结果_标定/image/res_robotdog_distill_midterm/1590192688709500928_mask_id.png,327680,282945,0.8634796142578125,0.599645171355539
1590192689309366784,/data1/user/data/2026.05.10_机狗二次数据采集结果_标定/image/res_dinov3_whole/1590192689309366784_mask_id.png,/data1/user/data/2026.05.10_机狗二次数据采集结果_标定/image/res_robotdog_distill_midterm/1590192689309366784_mask_id.png,327680,317160,0.9678955078125,0.5812487003465187
1590192690109320960,/data1/user/data/2026.05.10_机狗二次数据采集结果_标定/image/res_dinov3_whole/1590192690109320960_mask_id.png,/data1/user/data/2026.05.10_机狗二次数据采集结果_标定/image/res_robotdog_distill_midterm/1590192690109320960_mask_id.png,327680,313376,0.95634765625,0.45212829073405303
1590192700809648896,/data1/user/data/2026.05.10_机狗二次数据采集结果_标定/image/res_dinov3_whole/1590192700809648896_mask_id.png,/data1/user/data/2026.05.10_机狗二次数据采集结果_标定/image/res_robotdog_distill_midterm/1590192700809648896_mask_id.png,327680,316937,0.9672149658203125,0.647626599050971
1590192701409513984,/data1/user/data/2026.05.10_机狗二次数据采集结果_标定/image/res_dinov3_whole/1590192701409513984_mask_id.png,/data1/user/data/2026.05.10_机狗二次数据采集结果_标定/image/res_robotdog_distill_midterm/1590192701409513984_mask_id.png,327680,317530,0.969024658203125,0.7120522875034648
1590192732709920000,/data1/user/data/2026.05.10_机狗二次数据采集结果_标定/image/res_dinov3_whole/1590192732709920000_mask_id.png,/data1/user/data/2026.05.10_机狗二次数据采集结果_标定/image/res_robotdog_distill_midterm/1590192732709920000_mask_id.png,327680,316063,0.9645477294921875,0.6197781961214957
1590192735709490944,/data1/user/data/2026.05.10_机狗二次数据采集结果_标定/image/res_dinov3_whole/1590192735709490944_mask_id.png,/data1/user/data/2026.05.10_机狗二次数据采集结果_标定/image/res_robotdog_distill_midterm/1590192735709490944_mask_id.png,327680,316079,0.9645965576171875,0.5087342483134908
1590192737109635840,/data1/user/data/2026.05.10_机狗二次数据采集结果_标定/image/res_dinov3_whole/1590192737109635840_mask_id.png,/data1/user/data/2026.05.10_机狗二次数据采集结果_标定/image/res_robotdog_distill_midterm/1590192737109635840_mask_id.png,327680,317522,0.969000244140625,0.5241114154656116
1590192737209476864,/data1/user/data/2026.05.10_机狗二次数据采集结果_标定/image/res_dinov3_whole/1590192737209476864_mask_id.png,/data1/user/data/2026.05.10_机狗二次数据采集结果_标定/image/res_robotdog_distill_midterm/1590192737209476864_mask_id.png,327680,315512,0.9628662109375,0.40113207341683693
1590192738809647872,/data1/user/data/2026.05.10_机狗二次数据采集结果_标定/image/res_dinov3_whole/1590192738809647872_mask_id.png,/data1/user/data/2026.05.10_机狗二次数据采集结果_标定/image/res_robotdog_distill_midterm/1590192738809647872_mask_id.png,327680,269563,0.8226409912109375,0.595638677863198
1590192739409543936,/data1/user/data/2026.05.10_机狗二次数据采集结果_标定/image/res_dinov3_whole/1590192739409543936_mask_id.png,/data1/user/data/2026.05.10_机狗二次数据采集结果_标定/image/res_robotdog_distill_midterm/1590192739409543936_mask_id.png,327680,317020,0.96746826171875,0.638505884679568
1590192740009790976,/data1/user/data/2026.05.10_机狗二次数据采集结果_标定/image/res_dinov3_whole/1590192740009790976_mask_id.png,/data1/user/data/2026.05.10_机狗二次数据采集结果_标定/image/res_robotdog_distill_midterm/1590192740009790976_mask_id.png,327680,277398,0.846551513671875,0.4374132500379204
1590192741209817856,/data1/user/data/2026.05.10_机狗二次数据采集结果_标定/image/res_dinov3_whole/1590192741209817856_mask_id.png,/data1/user/data/2026.05.10_机狗二次数据采集结果_标定/image/res_robotdog_distill_midterm/1590192741209817856_mask_id.png,327680,316213,0.9650054931640625,0.46170895861224726
1590192741309661952,/data1/user/data/2026.05.10_机狗二次数据采集结果_标定/image/res_dinov3_whole/1590192741309661952_mask_id.png,/data1/user/data/2026.05.10_机狗二次数据采集结果_标定/image/res_robotdog_distill_midterm/1590192741309661952_mask_id.png,327680,315887,0.9640106201171875,0.6245887246826687
1590192745609615872,/data1/user/data/2026.05.10_机狗二次数据采集结果_标定/image/res_dinov3_whole/1590192745609615872_mask_id.png,/data1/user/data/2026.05.10_机狗二次数据采集结果_标定/image/res_robotdog_distill_midterm/1590192745609615872_mask_id.png,327680,314852,0.96085205078125,0.4152344313136617
1590192748009750016,/data1/user/data/2026.05.10_机狗二次数据采集结果_标定/image/res_dinov3_whole/1590192748009750016_mask_id.png,/data1/user/data/2026.05.10_机狗二次数据采集结果_标定/image/res_robotdog_distill_midterm/1590192748009750016_mask_id.png,327680,317405,0.9686431884765625,0.4438923044317715
1590192749009779968,/data1/user/data/2026.05.10_机狗二次数据采集结果_标定/image/res_dinov3_whole/1590192749009779968_mask_id.png,/data1/user/data/2026.05.10_机狗二次数据采集结果_标定/image/res_robotdog_distill_midterm/1590192749009779968_mask_id.png,327680,315342,0.962347412109375,0.40225038509858907
1590192755209463808,/data1/user/data/2026.05.10_机狗二次数据采集结果_标定/image/res_dinov3_whole/1590192755209463808_mask_id.png,/data1/user/data/2026.05.10_机狗二次数据采集结果_标定/image/res_robotdog_distill_midterm/1590192755209463808_mask_id.png,327680,317095,0.9676971435546875,0.4378186686387125
1590192755509774848,/data1/user/data/2026.05.10_机狗二次数据采集结果_标定/image/res_dinov3_whole/1590192755509774848_mask_id.png,/data1/user/data/2026.05.10_机狗二次数据采集结果_标定/image/res_robotdog_distill_midterm/1590192755509774848_mask_id.png,327680,317021,0.9674713134765625,0.46548200219200064
1590192755809310976,/data1/user/data/2026.05.10_机狗二次数据采集结果_标定/image/res_dinov3_whole/1590192755809310976_mask_id.png,/data1/user/data/2026.05.10_机狗二次数据采集结果_标定/image/res_robotdog_distill_midterm/1590192755809310976_mask_id.png,327680,315450,0.962677001953125,0.46159467876393406
1590192755909951744,/data1/user/data/2026.05.10_机狗二次数据采集结果_标定/image/res_dinov3_whole/1590192755909951744_mask_id.png,/data1/user/data/2026.05.10_机狗二次数据采集结果_标定/image/res_robotdog_distill_midterm/1590192755909951744_mask_id.png,327680,313412,0.95645751953125,0.44421398118495786
1590192756109624832,/data1/user/data/2026.05.10_机狗二次数据采集结果_标定/image/res_dinov3_whole/1590192756109624832_mask_id.png,/data1/user/data/2026.05.10_机狗二次数据采集结果_标定/image/res_robotdog_distill_midterm/1590192756109624832_mask_id.png,327680,316978,0.967340087890625,0.47895070667196543
1590192756309329920,/data1/user/data/2026.05.10_机狗二次数据采集结果_标定/image/res_dinov3_whole/1590192756309329920_mask_id.png,/data1/user/data/2026.05.10_机狗二次数据采集结果_标定/image/res_robotdog_distill_midterm/1590192756309329920_mask_id.png,327680,316678,0.966424560546875,0.5069470209604768
1590192756709486848,/data1/user/data/2026.05.10_机狗二次数据采集结果_标定/image/res_dinov3_whole/1590192756709486848_mask_id.png,/data1/user/data/2026.05.10_机狗二次数据采集结果_标定/image/res_robotdog_distill_midterm/1590192756709486848_mask_id.png,327680,316446,0.965716552734375,0.3806152102158344
1590192757509805824,/data1/user/data/2026.05.10_机狗二次数据采集结果_标定/image/res_dinov3_whole/1590192757509805824_mask_id.png,/data1/user/data/2026.05.10_机狗二次数据采集结果_标定/image/res_robotdog_distill_midterm/1590192757509805824_mask_id.png,327680,317150,0.967864990234375,0.49175468146742335
1590192758009849856,/data1/user/data/2026.05.10_机狗二次数据采集结果_标定/image/res_dinov3_whole/1590192758009849856_mask_id.png,/data1/user/data/2026.05.10_机狗二次数据采集结果_标定/image/res_robotdog_distill_midterm/1590192758009849856_mask_id.png,327680,316435,0.9656829833984375,0.5034254077695896
1590192758909641984,/data1/user/data/2026.05.10_机狗二次数据采集结果_标定/image/res_dinov3_whole/1590192758909641984_mask_id.png,/data1/user/data/2026.05.10_机狗二次数据采集结果_标定/image/res_robotdog_distill_midterm/1590192758909641984_mask_id.png,327680,317145,0.9678497314453125,0.5983027120189244
1590192760709494784,/data1/user/data/2026.05.10_机狗二次数据采集结果_标定/image/res_dinov3_whole/1590192760709494784_mask_id.png,/data1/user/data/2026.05.10_机狗二次数据采集结果_标定/image/res_robotdog_distill_midterm/1590192760709494784_mask_id.png,327680,311531,0.9507171630859375,0.5561293051773464
1590192760809322752,/data1/user/data/2026.05.10_机狗二次数据采集结果_标定/image/res_dinov3_whole/1590192760809322752_mask_id.png,/data1/user/data/2026.05.10_机狗二次数据采集结果_标定/image/res_robotdog_distill_midterm/1590192760809322752_mask_id.png,327680,290330,0.886016845703125,0.591683945327216
1590192761009803776,/data1/user/data/2026.05.10_机狗二次数据采集结果_标定/image/res_dinov3_whole/1590192761009803776_mask_id.png,/data1/user/data/2026.05.10_机狗二次数据采集结果_标定/image/res_robotdog_distill_midterm/1590192761009803776_mask_id.png,327680,316471,0.9657928466796875,0.5634782408058197
1590192761809322240,/data1/user/data/2026.05.10_机狗二次数据采集结果_标定/image/res_dinov3_whole/1590192761809322240_mask_id.png,/data1/user/data/2026.05.10_机狗二次数据采集结果_标定/image/res_robotdog_distill_midterm/1590192761809322240_mask_id.png,327680,287445,0.8772125244140625,0.6528038220648914
1590192761909957888,/data1/user/data/2026.05.10_机狗二次数据采集结果_标定/image/res_dinov3_whole/1590192761909957888_mask_id.png,/data1/user/data/2026.05.10_机狗二次数据采集结果_标定/image/res_robotdog_distill_midterm/1590192761909957888_mask_id.png,327680,284787,0.8691009521484375,0.55967027195746
1590192762209491968,/data1/user/data/2026.05.10_机狗二次数据采集结果_标定/image/res_dinov3_whole/1590192762209491968_mask_id.png,/data1/user/data/2026.05.10_机狗二次数据采集结果_标定/image/res_robotdog_distill_midterm/1590192762209491968_mask_id.png,327680,317579,0.9691741943359375,0.5851746867877405
1590192762409980928,/data1/user/data/2026.05.10_机狗二次数据采集结果_标定/image/res_dinov3_whole/1590192762409980928_mask_id.png,/data1/user/data/2026.05.10_机狗二次数据采集结果_标定/image/res_robotdog_distill_midterm/1590192762409980928_mask_id.png,327680,312880,0.954833984375,0.5483132020820755
1590192762509820928,/data1/user/data/2026.05.10_机狗二次数据采集结果_标定/image/res_dinov3_whole/1590192762509820928_mask_id.png,/data1/user/data/2026.05.10_机狗二次数据采集结果_标定/image/res_robotdog_distill_midterm/1590192762509820928_mask_id.png,327680,294385,0.8983917236328125,0.5715003554130825
1590192762609657856,/data1/user/data/2026.05.10_机狗二次数据采集结果_标定/image/res_dinov3_whole/1590192762609657856_mask_id.png,/data1/user/data/2026.05.10_机狗二次数据采集结果_标定/image/res_robotdog_distill_midterm/1590192762609657856_mask_id.png,327680,303773,0.9270416259765625,0.570166199358912
1590192762709497856,/data1/user/data/2026.05.10_机狗二次数据采集结果_标定/image/res_dinov3_whole/1590192762709497856_mask_id.png,/data1/user/data/2026.05.10_机狗二次数据采集结果_标定/image/res_robotdog_distill_midterm/1590192762709497856_mask_id.png,327680,304675,0.9297943115234375,0.5581686991177691
1590192762809334784,/data1/user/data/2026.05.10_机狗二次数据采集结果_标定/image/res_dinov3_whole/1590192762809334784_mask_id.png,/data1/user/data/2026.05.10_机狗二次数据采集结果_标定/image/res_robotdog_distill_midterm/1590192762809334784_mask_id.png,327680,307063,0.9370819091796875,0.6545000826446729
1590192762909973760,/data1/user/data/2026.05.10_机狗二次数据采集结果_标定/image/res_dinov3_whole/1590192762909973760_mask_id.png,/data1/user/data/2026.05.10_机狗二次数据采集结果_标定/image/res_robotdog_distill_midterm/1590192762909973760_mask_id.png,327680,299586,0.914263916015625,0.538114522602324
1590192763009807872,/data1/user/data/2026.05.10_机狗二次数据采集结果_标定/image/res_dinov3_whole/1590192763009807872_mask_id.png,/data1/user/data/2026.05.10_机狗二次数据采集结果_标定/image/res_robotdog_distill_midterm/1590192763009807872_mask_id.png,327680,315661,0.9633209228515625,0.6600867668593717
1590192763109651968,/data1/user/data/2026.05.10_机狗二次数据采集结果_标定/image/res_dinov3_whole/1590192763109651968_mask_id.png,/data1/user/data/2026.05.10_机狗二次数据采集结果_标定/image/res_robotdog_distill_midterm/1590192763109651968_mask_id.png,327680,304027,0.9278167724609375,0.6017671933024513
1590192763209491968,/data1/user/data/2026.05.10_机狗二次数据采集结果_标定/image/res_dinov3_whole/1590192763209491968_mask_id.png,/data1/user/data/2026.05.10_机狗二次数据采集结果_标定/image/res_robotdog_distill_midterm/1590192763209491968_mask_id.png,327680,310172,0.94656982421875,0.552788818744457
1590192764409977856,/data1/user/data/2026.05.10_机狗二次数据采集结果_标定/image/res_dinov3_whole/1590192764409977856_mask_id.png,/data1/user/data/2026.05.10_机狗二次数据采集结果_标定/image/res_robotdog_distill_midterm/1590192764409977856_mask_id.png,327680,317386,0.968585205078125,0.5476670689999465
1590192764609645824,/data1/user/data/2026.05.10_机狗二次数据采集结果_标定/image/res_dinov3_whole/1590192764609645824_mask_id.png,/data1/user/data/2026.05.10_机狗二次数据采集结果_标定/image/res_robotdog_distill_midterm/1590192764609645824_mask_id.png,327680,317173,0.9679351806640625,0.39172326309654665
1590192767309347840,/data1/user/data/2026.05.10_机狗二次数据采集结果_标定/image/res_dinov3_whole/1590192767309347840_mask_id.png,/data1/user/data/2026.05.10_机狗二次数据采集结果_标定/image/res_robotdog_distill_midterm/1590192767309347840_mask_id.png,327680,315024,0.961376953125,0.5942519337623682
1590192767409987840,/data1/user/data/2026.05.10_机狗二次数据采集结果_标定/image/res_dinov3_whole/1590192767409987840_mask_id.png,/data1/user/data/2026.05.10_机狗二次数据采集结果_标定/image/res_robotdog_distill_midterm/1590192767409987840_mask_id.png,327680,313747,0.9574798583984375,0.6597293739175731
1590192767709497856,/data1/user/data/2026.05.10_机狗二次数据采集结果_标定/image/res_dinov3_whole/1590192767709497856_mask_id.png,/data1/user/data/2026.05.10_机狗二次数据采集结果_标定/image/res_robotdog_distill_midterm/1590192767709497856_mask_id.png,327680,315919,0.9641082763671875,0.6268219867853936
1590192767809341952,/data1/user/data/2026.05.10_机狗二次数据采集结果_标定/image/res_dinov3_whole/1590192767809341952_mask_id.png,/data1/user/data/2026.05.10_机狗二次数据采集结果_标定/image/res_robotdog_distill_midterm/1590192767809341952_mask_id.png,327680,314805,0.9607086181640625,0.6820818941002903
1590192768209485824,/data1/user/data/2026.05.10_机狗二次数据采集结果_标定/image/res_dinov3_whole/1590192768209485824_mask_id.png,/data1/user/data/2026.05.10_机狗二次数据采集结果_标定/image/res_robotdog_distill_midterm/1590192768209485824_mask_id.png,327680,309054,0.943157958984375,0.7540685416239133
1590192768309315840,/data1/user/data/2026.05.10_机狗二次数据采集结果_标定/image/res_dinov3_whole/1590192768309315840_mask_id.png,/data1/user/data/2026.05.10_机狗二次数据采集结果_标定/image/res_robotdog_distill_midterm/1590192768309315840_mask_id.png,327680,309574,0.944744873046875,0.6876836958673448
1590192768609652992,/data1/user/data/2026.05.10_机狗二次数据采集结果_标定/image/res_dinov3_whole/1590192768609652992_mask_id.png,/data1/user/data/2026.05.10_机狗二次数据采集结果_标定/image/res_robotdog_distill_midterm/1590192768609652992_mask_id.png,327680,317373,0.9685455322265625,0.821859880559221
1590192768809312000,/data1/user/data/2026.05.10_机狗二次数据采集结果_标定/image/res_dinov3_whole/1590192768809312000_mask_id.png,/data1/user/data/2026.05.10_机狗二次数据采集结果_标定/image/res_robotdog_distill_midterm/1590192768809312000_mask_id.png,327680,306855,0.9364471435546875,0.6198468487176533
1590192768909939968,/data1/user/data/2026.05.10_机狗二次数据采集结果_标定/image/res_dinov3_whole/1590192768909939968_mask_id.png,/data1/user/data/2026.05.10_机狗二次数据采集结果_标定/image/res_robotdog_distill_midterm/1590192768909939968_mask_id.png,327680,309815,0.9454803466796875,0.7590644651642661
1590192769009785856,/data1/user/data/2026.05.10_机狗二次数据采集结果_标定/image/res_dinov3_whole/1590192769009785856_mask_id.png,/data1/user/data/2026.05.10_机狗二次数据采集结果_标定/image/res_robotdog_distill_midterm/1590192769009785856_mask_id.png,327680,313149,0.9556549072265625,0.6514951171937133
1590192769109628928,/data1/user/data/2026.05.10_机狗二次数据采集结果_标定/image/res_dinov3_whole/1590192769109628928_mask_id.png,/data1/user/data/2026.05.10_机狗二次数据采集结果_标定/image/res_robotdog_distill_midterm/1590192769109628928_mask_id.png,327680,315253,0.9620758056640625,0.5904371625902869
1590192769209461760,/data1/user/data/2026.05.10_机狗二次数据采集结果_标定/image/res_dinov3_whole/1590192769209461760_mask_id.png,/data1/user/data/2026.05.10_机狗二次数据采集结果_标定/image/res_robotdog_distill_midterm/1590192769209461760_mask_id.png,327680,314724,0.96046142578125,0.694653569034306
1590192769509766912,/data1/user/data/2026.05.10_机狗二次数据采集结果_标定/image/res_dinov3_whole/1590192769509766912_mask_id.png,/data1/user/data/2026.05.10_机狗二次数据采集结果_标定/image/res_robotdog_distill_midterm/1590192769509766912_mask_id.png,327680,314790,0.960662841796875,0.5674985261227836
1590192769609604864,/data1/user/data/2026.05.10_机狗二次数据采集结果_标定/image/res_dinov3_whole/1590192769609604864_mask_id.png,/data1/user/data/2026.05.10_机狗二次数据采集结果_标定/image/res_robotdog_distill_midterm/1590192769609604864_mask_id.png,327680,314132,0.95865478515625,0.4343250491898841
1590192770509776896,/data1/user/data/2026.05.10_机狗二次数据采集结果_标定/image/res_dinov3_whole/1590192770509776896_mask_id.png,/data1/user/data/2026.05.10_机狗二次数据采集结果_标定/image/res_robotdog_distill_midterm/1590192770509776896_mask_id.png,327680,312603,0.9539886474609375,0.46527305782088046
1590192770809281792,/data1/user/data/2026.05.10_机狗二次数据采集结果_标定/image/res_dinov3_whole/1590192770809281792_mask_id.png,/data1/user/data/2026.05.10_机狗二次数据采集结果_标定/image/res_robotdog_distill_midterm/1590192770809281792_mask_id.png,327680,315616,0.96318359375,0.6944147055721962
1590192770909915904,/data1/user/data/2026.05.10_机狗二次数据采集结果_标定/image/res_dinov3_whole/1590192770909915904_mask_id.png,/data1/user/data/2026.05.10_机狗二次数据采集结果_标定/image/res_robotdog_distill_midterm/1590192770909915904_mask_id.png,327680,305540,0.93243408203125,0.6564606452587919
1590192771109606144,/data1/user/data/2026.05.10_机狗二次数据采集结果_标定/image/res_dinov3_whole/1590192771109606144_mask_id.png,/data1/user/data/2026.05.10_机狗二次数据采集结果_标定/image/res_robotdog_distill_midterm/1590192771109606144_mask_id.png,327680,316724,0.96656494140625,0.6006982729523488
1590192771209443840,/data1/user/data/2026.05.10_机狗二次数据采集结果_标定/image/res_dinov3_whole/1590192771209443840_mask_id.png,/data1/user/data/2026.05.10_机狗二次数据采集结果_标定/image/res_robotdog_distill_midterm/1590192771209443840_mask_id.png,327680,317649,0.9693878173828125,0.641898204399914
1590192771309676800,/data1/user/data/2026.05.10_机狗二次数据采集结果_标定/image/res_dinov3_whole/1590192771309676800_mask_id.png,/data1/user/data/2026.05.10_机狗二次数据采集结果_标定/image/res_robotdog_distill_midterm/1590192771309676800_mask_id.png,327680,306078,0.934075927734375,0.5217984690844497
1590192771409495808,/data1/user/data/2026.05.10_机狗二次数据采集结果_标定/image/res_dinov3_whole/1590192771409495808_mask_id.png,/data1/user/data/2026.05.10_机狗二次数据采集结果_标定/image/res_robotdog_distill_midterm/1590192771409495808_mask_id.png,327680,314425,0.9595489501953125,0.6840289465797004
1590192771609988096,/data1/user/data/2026.05.10_机狗二次数据采集结果_标定/image/res_dinov3_whole/1590192771609988096_mask_id.png,/data1/user/data/2026.05.10_机狗二次数据采集结果_标定/image/res_robotdog_distill_midterm/1590192771609988096_mask_id.png,327680,316068,0.96456298828125,0.5533223232049417
1590192772109996800,/data1/user/data/2026.05.10_机狗二次数据采集结果_标定/image/res_dinov3_whole/1590192772109996800_mask_id.png,/data1/user/data/2026.05.10_机狗二次数据采集结果_标定/image/res_robotdog_distill_midterm/1590192772109996800_mask_id.png,327680,316796,0.96678466796875,0.44429232969427185
1590192772309664768,/data1/user/data/2026.05.10_机狗二次数据采集结果_标定/image/res_dinov3_whole/1590192772309664768_mask_id.png,/data1/user/data/2026.05.10_机狗二次数据采集结果_标定/image/res_robotdog_distill_midterm/1590192772309664768_mask_id.png,327680,316763,0.9666839599609375,0.6576427230926554
1590192773509324800,/data1/user/data/2026.05.10_机狗二次数据采集结果_标定/image/res_dinov3_whole/1590192773509324800_mask_id.png,/data1/user/data/2026.05.10_机狗二次数据采集结果_标定/image/res_robotdog_distill_midterm/1590192773509324800_mask_id.png,327680,315982,0.964300537109375,0.6314640718712939
1590192774409479936,/data1/user/data/2026.05.10_机狗二次数据采集结果_标定/image/res_dinov3_whole/1590192774409479936_mask_id.png,/data1/user/data/2026.05.10_机狗二次数据采集结果_标定/image/res_robotdog_distill_midterm/1590192774409479936_mask_id.png,327680,313142,0.955633544921875,0.7056862343849151
1590192774509333248,/data1/user/data/2026.05.10_机狗二次数据采集结果_标定/image/res_dinov3_whole/1590192774509333248_mask_id.png,/data1/user/data/2026.05.10_机狗二次数据采集结果_标定/image/res_robotdog_distill_midterm/1590192774509333248_mask_id.png,327680,310124,0.94642333984375,0.5356801162754921
1590192774909493760,/data1/user/data/2026.05.10_机狗二次数据采集结果_标定/image/res_dinov3_whole/1590192774909493760_mask_id.png,/data1/user/data/2026.05.10_机狗二次数据采集结果_标定/image/res_robotdog_distill_midterm/1590192774909493760_mask_id.png,327680,315672,0.9633544921875,0.577118776376595
1590192775109967872,/data1/user/data/2026.05.10_机狗二次数据采集结果_标定/image/res_dinov3_whole/1590192775109967872_mask_id.png,/data1/user/data/2026.05.10_机狗二次数据采集结果_标定/image/res_robotdog_distill_midterm/1590192775109967872_mask_id.png,327680,307985,0.9398956298828125,0.429110191044285
1590192775209808896,/data1/user/data/2026.05.10_机狗二次数据采集结果_标定/image/res_dinov3_whole/1590192775209808896_mask_id.png,/data1/user/data/2026.05.10_机狗二次数据采集结果_标定/image/res_robotdog_distill_midterm/1590192775209808896_mask_id.png,327680,313828,0.95772705078125,0.6012636122493576
1590192775409492992,/data1/user/data/2026.05.10_机狗二次数据采集结果_标定/image/res_dinov3_whole/1590192775409492992_mask_id.png,/data1/user/data/2026.05.10_机狗二次数据采集结果_标定/image/res_robotdog_distill_midterm/1590192775409492992_mask_id.png,327680,316418,0.965631103515625,0.578184534242784
1590192775509327872,/data1/user/data/2026.05.10_机狗二次数据采集结果_标定/image/res_dinov3_whole/1590192775509327872_mask_id.png,/data1/user/data/2026.05.10_机狗二次数据采集结果_标定/image/res_robotdog_distill_midterm/1590192775509327872_mask_id.png,327680,316458,0.965753173828125,0.577335792883779
1590192775709813760,/data1/user/data/2026.05.10_机狗二次数据采集结果_标定/image/res_dinov3_whole/1590192775709813760_mask_id.png,/data1/user/data/2026.05.10_机狗二次数据采集结果_标定/image/res_robotdog_distill_midterm/1590192775709813760_mask_id.png,327680,314056,0.9584228515625,0.689702010319466
1590192776009317888,/data1/user/data/2026.05.10_机狗二次数据采集结果_标定/image/res_dinov3_whole/1590192776009317888_mask_id.png,/data1/user/data/2026.05.10_机狗二次数据采集结果_标定/image/res_robotdog_distill_midterm/1590192776009317888_mask_id.png,327680,315559,0.9630096435546875,0.7865999045590215
1590192776109962752,/data1/user/data/2026.05.10_机狗二次数据采集结果_标定/image/res_dinov3_whole/1590192776109962752_mask_id.png,/data1/user/data/2026.05.10_机狗二次数据采集结果_标定/image/res_robotdog_distill_midterm/1590192776109962752_mask_id.png,327680,316665,0.9663848876953125,0.7281493618204752
1590192776309655808,/data1/user/data/2026.05.10_机狗二次数据采集结果_标定/image/res_dinov3_whole/1590192776309655808_mask_id.png,/data1/user/data/2026.05.10_机狗二次数据采集结果_标定/image/res_robotdog_distill_midterm/1590192776309655808_mask_id.png,327680,316977,0.9673370361328125,0.651665669068475
1590192776409495808,/data1/user/data/2026.05.10_机狗二次数据采集结果_标定/image/res_dinov3_whole/1590192776409495808_mask_id.png,/data1/user/data/2026.05.10_机狗二次数据采集结果_标定/image/res_robotdog_distill_midterm/1590192776409495808_mask_id.png,327680,315557,0.9630035400390625,0.7396335112171816
1590192776509339904,/data1/user/data/2026.05.10_机狗二次数据采集结果_标定/image/res_dinov3_whole/1590192776509339904_mask_id.png,/data1/user/data/2026.05.10_机狗二次数据采集结果_标定/image/res_robotdog_distill_midterm/1590192776509339904_mask_id.png,327680,315762,0.963629150390625,0.743265299504417
1590192776609990912,/data1/user/data/2026.05.10_机狗二次数据采集结果_标定/image/res_dinov3_whole/1590192776609990912_mask_id.png,/data1/user/data/2026.05.10_机狗二次数据采集结果_标定/image/res_robotdog_distill_midterm/1590192776609990912_mask_id.png,327680,316140,0.96478271484375,0.8445142812921812
1590192776809667840,/data1/user/data/2026.05.10_机狗二次数据采集结果_标定/image/res_dinov3_whole/1590192776809667840_mask_id.png,/data1/user/data/2026.05.10_机狗二次数据采集结果_标定/image/res_robotdog_distill_midterm/1590192776809667840_mask_id.png,327680,315323,0.9622894287109375,0.8182087548032514
1590192777209827072,/data1/user/data/2026.05.10_机狗二次数据采集结果_标定/image/res_dinov3_whole/1590192777209827072_mask_id.png,/data1/user/data/2026.05.10_机狗二次数据采集结果_标定/image/res_robotdog_distill_midterm/1590192777209827072_mask_id.png,327680,316397,0.9655670166015625,0.631733645348534
1590192777309671936,/data1/user/data/2026.05.10_机狗二次数据采集结果_标定/image/res_dinov3_whole/1590192777309671936_mask_id.png,/data1/user/data/2026.05.10_机狗二次数据采集结果_标定/image/res_robotdog_distill_midterm/1590192777309671936_mask_id.png,327680,315894,0.964031982421875,0.6715794110068433
1590192777409511936,/data1/user/data/2026.05.10_机狗二次数据采集结果_标定/image/res_dinov3_whole/1590192777409511936_mask_id.png,/data1/user/data/2026.05.10_机狗二次数据采集结果_标定/image/res_robotdog_distill_midterm/1590192777409511936_mask_id.png,327680,316177,0.9648956298828125,0.538880611465314
1590192778909515776,/data1/user/data/2026.05.10_机狗二次数据采集结果_标定/image/res_dinov3_whole/1590192778909515776_mask_id.png,/data1/user/data/2026.05.10_机狗二次数据采集结果_标定/image/res_robotdog_distill_midterm/1590192778909515776_mask_id.png,327680,317580,0.96917724609375,0.5787915248596438
1590192779109996800,/data1/user/data/2026.05.10_机狗二次数据采集结果_标定/image/res_dinov3_whole/1590192779109996800_mask_id.png,/data1/user/data/2026.05.10_机狗二次数据采集结果_标定/image/res_robotdog_distill_midterm/1590192779109996800_mask_id.png,327680,309650,0.944976806640625,0.8071590498772502
